,State,Year,FIPS_Code,Civilian_Pop,Civilian_Labor_Force,Labor_Force_Pct,Employed_Total,Employed_Pct,Unemployed_Total,Unemployed_Rate,Population,gdp,treatment
0,Alabama,2010,1.0,3690246.75,2196694.416666666,59.50833333333335,1968756.75,53.34166666666668,227937.66666666663,10.374999999999998,4785437.0,183014.5,0
1,Alabama,2011,1.0,3725084.666666666,2201954.5,59.11666666666667,1991026.583333333,53.45833333333332,210927.91666666663,9.583333333333334,4799069.0,185666.9,0
2,Alabama,2012,1.0,3745692.583333334,2179074.916666666,58.16666666666668,2001117.583333333,53.425,177957.33333333337,8.158333333333333,4815588.0,186553.9,0
3,Alabama,2013,1.0,3765925.666666666,2172942.416666666,57.725,2013764.5,53.46666666666667,159177.91666666663,7.325,4830081.0,188814.2,0
4,Alabama,2014,1.0,3783191.25,2164595.5,57.225,2018737.333333333,53.36666666666667,145858.16666666663,6.7333333333333325,4841799.0,187568.0,0
5,Alabama,2015,1.0,3799373.083333334,2152497.916666666,56.65,2020763.416666667,53.175,131734.5,6.125,4852347.0,189428.8,0
6,Alabama,2016,1.0,3816952.75,2155751.416666666,56.49166666666668,2028929.0,53.16666666666666,126822.41666666669,5.908333333333332,4863525.0,191523.4,0
7,Alabama,2017,1.0,3834334.083333334,2172487.833333333,56.66666666666668,2073394.416666667,54.08333333333334,99093.41666666669,4.583333333333333,4874486.0,193693.0,0
8,Alabama,2018,1.0,3849182.916666666,2206796.083333333,57.32500000000001,2120340.583333333,55.09166666666667,86455.5,3.925,4887681.0,198053.7,0
9,Alabama,2019,1.0,3865781.416666666,2236923.916666666,57.85833333333333,2169181.083333333,56.11666666666667,67742.83333333331,3.0250000000000004,4903185.0,200829.4,0
10,Alaska,2010,2.0,518526.5,361628.58333333326,69.74166666666666,332196.16666666674,64.06666666666665,29432.41666666667,8.133333333333333,713910.0,54219.0,0
11,Alaska,2011,2.0,528559.9166666665,364445.25,68.94166666666666,336210.5,63.60833333333334,28234.75,7.733333333333333,722128.0,54722.6,0
12,Alaska,2012,2.0,534987.25,364276.41666666674,68.07499999999999,337915.0,63.15833333333334,26361.41666666667,7.249999999999999,730443.0,57717.5,0
13,Alaska,2013,2.0,538481.6666666665,363638.41666666674,67.53333333333333,338208.75,62.791666666666686,25429.66666666667,6.991666666666667,737068.0,54748.1,0
14,Alaska,2014,2.0,540372.9166666665,364337.41666666674,67.41666666666667,339774.91666666674,62.87499999999998,24562.5,6.741666666666666,736283.0,53480.6,0
15,Alaska,2015,2.0,542685.0,362328.83333333326,66.75833333333334,339579.16666666674,62.57500000000001,22749.66666666667,6.275000000000001,737498.0,54015.3,0
16,Alaska,2016,2.0,546589.0833333335,362097.33333333326,66.25000000000001,338218.75,61.875,23878.58333333333,6.600000000000001,741456.0,53289.0,0
17,Alaska,2017,2.0,547514.75,361176.66666666674,65.95833333333333,337706.58333333326,61.68333333333333,23470.08333333333,6.500000000000001,739700.0,52825.9,0
18,Alaska,2018,2.0,546892.25,356193.75,65.13333333333333,334994.5,61.25833333333335,21199.25,5.933333333333333,735139.0,52928.7,0
19,Alaska,2019,2.0,546241.0,353869.5,64.77499999999999,334807.66666666674,61.29166666666666,19061.83333333333,5.391666666666667,731545.0,53255.2,0
20,Arizona,2010,4.0,4896820.333333333,3096203.166666666,63.23333333333333,2777583.583333333,56.725,318619.58333333326,10.3,6407172.0,257396.9,0
21,Arizona,2011,4.0,4926325.25,3051762.583333333,61.96666666666667,2763680.333333333,56.09166666666667,288082.25,9.433333333333332,6472643.0,263144.1,0
22,Arizona,2012,4.0,5006637.5,3054799.0,61.01666666666666,2799914.75,55.92499999999998,254884.25,8.349999999999998,6554978.0,268068.2,0
23,Arizona,2013,4.0,5085867.5,3064990.083333333,60.26666666666667,2825940.5,55.55833333333334,239049.58333333328,7.816666666666666,6632764.0,269967.4,0
24,Arizona,2014,4.0,5178007.75,3118415.5,60.225,2906136.0,56.11666666666667,212279.5,6.791666666666668,6730413.0,274112.9,0
25,Arizona,2015,4.0,5276145.333333333,3185086.666666666,60.35833333333332,2991341.0,56.69166666666666,193745.66666666663,6.074999999999998,6829676.0,281935.6,0
26,Arizona,2016,4.0,5384441.5,3253953.666666666,60.40833333333333,3075608.083333333,57.12500000000001,178345.58333333337,5.4833333333333325,6941072.0,291259.6,0
27,Arizona,2017,4.0,5490864.416666667,3329352.416666666,60.64166666666667,3164468.5,57.61666666666667,164883.91666666663,4.958333333333332,7044008.0,302117.8,0
28,Arizona,2018,4.0,5603814.166666667,3428007.833333333,61.15,3262880.166666666,58.225,165127.66666666663,4.8166666666666655,7158024.0,314016.1,0
29,Arizona,2019,4.0,5727527.0,3538631.666666666,61.775,3366723.5,58.775,171908.16666666663,4.858333333333333,7278717.0,323597.6,0
30,Arkansas,2010,5.0,2232732.166666666,1353829.0,60.64166666666666,1247317.5,55.85833333333334,106511.5,7.858333333333333,2921964.0,105223.6,0
31,Arkansas,2011,5.0,2254423.083333333,1357541.416666667,60.225,1250285.583333333,55.46666666666666,107255.83333333331,7.908333333333334,2940667.0,107320.6,0
32,Arkansas,2012,5.0,2266989.916666666,1350276.666666667,59.55,1252173.416666667,55.25,98103.25,7.2666666666666675,2952164.0,107718.8,0
33,Arkansas,2013,5.0,2276881.666666666,1331775.5,58.49166666666667,1237985.583333333,54.36666666666667,93789.91666666669,7.041666666666668,2959400.0,110301.4,0
34,Arkansas,2014,5.0,2287194.833333333,1327892.916666667,58.05833333333334,1249645.833333333,54.64166666666667,78247.08333333331,5.9,2967392.0,111729.9,0
35,Arkansas,2015,5.0,2299074.083333333,1339408.25,58.25833333333335,1273048.666666667,55.38333333333333,66359.58333333331,4.949999999999998,2978048.0,112938.9,0
36,Arkansas,2016,5.0,2312068.25,1344030.916666667,58.125,1290424.583333333,55.82500000000001,53606.33333333334,3.983333333333333,2989918.0,113490.4,0
37,Arkansas,2017,5.0,2324289.916666666,1350010.75,58.08333333333334,1299503.5,55.91666666666666,50507.25,3.741666666666666,3001345.0,114950.7,0
38,Arkansas,2018,5.0,2334639.666666666,1352720.5,57.95,1303276.5,55.81666666666667,49444.0,3.666666666666668,3009733.0,116698.8,0
39,Arkansas,2019,5.0,2345716.25,1365119.0,58.19166666666666,1317100.583333333,56.15833333333333,48018.41666666666,3.5083333333333333,3017804.0,117447.1,0
40,California,2010,6.0,28532316.33333333,18367201.33333333,64.375,16080104.333333336,56.35833333333333,2287097.0,12.458333333333336,37319502.0,2056990.4,0
41,California,2011,6.0,28952844.75,18405178.75,63.575,16218318.916666664,56.00833333333333,2186859.833333333,11.891666666666666,37638369.0,2090836.8,0
42,California,2012,6.0,29295635.58333333,18488947.08333333,63.1,16543573.916666664,56.475,1945373.166666667,10.525,37948800.0,2144089.6,0
43,California,2013,6.0,29626794.25,18568482.916666668,62.67499999999999,16892033.333333332,57.00833333333333,1676449.583333333,9.033333333333337,38260787.0,2219610.5,0
44,California,2014,6.0,29962936.25,18677101.166666668,62.33333333333334,17264825.083333332,57.625,1412276.083333333,7.566666666666666,38596972.0,2316331.2,0
45,California,2015,6.0,30283673.33333333,18824855.166666668,62.15833333333333,17649562.083333332,58.28333333333333,1175293.083333333,6.2250000000000005,38918045.0,2437366.9,0
46,California,2016,6.0,30568838.91666667,19013906.5,62.19166666666667,17965090.916666668,58.76666666666666,1048815.583333333,5.5166666666666675,39167117.0,2519133.6,0
47,California,2017,6.0,30793963.75,19172103.666666668,62.25000000000001,18244669.25,59.24166666666665,927434.4166666665,4.841666666666668,39358497.0,2628314.6,0
48,California,2018,6.0,30951058.5,19263510.0,62.24166666666665,18440665.916666668,59.57500000000001,822844.0833333335,4.275,39461588.0,2708966.9,0
49,California,2019,6.0,31043291.75,19353520.33333333,62.33333333333334,18551726.0,59.76666666666666,801794.3333333335,4.150000000000001,39512223.0,2800505.4,0
50,Colorado,2010,8.0,3869707.833333334,2715095.25,70.14999999999999,2467390.416666666,63.76666666666665,247704.83333333328,9.141666666666667,5047349.0,265319.3,0
51,Colorado,2011,8.0,3925293.666666666,2730173.166666666,69.55,2493001.083333333,63.51666666666667,237172.08333333328,8.691666666666666,5121108.0,268553.4,0
52,Colorado,2012,8.0,3993645.416666666,2750169.333333333,68.87500000000001,2530540.5,63.35,219628.8333333333,8.0,5192647.0,273593.9,0
53,Colorado,2013,8.0,4064988.916666666,2766607.25,68.05833333333334,2580125.083333333,63.46666666666666,186482.16666666663,6.75,5269035.0,282605.5,0
54,Colorado,2014,8.0,4142393.25,2800294.5,67.60000000000001,2660999.583333333,64.23333333333333,139294.91666666663,4.983333333333333,5350101.0,294812.0,0
55,Colorado,2015,8.0,4233776.166666667,2825936.916666666,66.73333333333333,2720563.5,64.26666666666667,105373.41666666669,3.7416666666666663,5450623.0,308898.9,0
56,Colorado,2016,8.0,4322567.5,2893958.5,66.93333333333332,2803216.666666666,64.85000000000001,90741.83333333331,3.1333333333333333,5539215.0,315793.0,0
57,Colorado,2017,8.0,4398712.75,2981915.416666666,67.79166666666669,2903701.083333333,66.01666666666665,78214.33333333331,2.6166666666666667,5611885.0,328510.2,0
58,Colorado,2018,8.0,4476394.75,3071421.833333333,68.60833333333333,2978243.25,66.525,93178.58333333331,3.0333333333333337,5691287.0,342865.6,0
59,Colorado,2019,8.0,4547452.833333333,3126350.5,68.74999999999999,3043295.666666666,66.925,83054.83333333331,2.6583333333333337,5758736.0,356280.2,0
60,Connecticut,2010,9.0,2798201.25,1911229.416666667,68.29166666666667,1728400.916666667,61.77500000000001,182828.5,9.558333333333332,3579114.0,247876.8,0
61,Connecticut,2011,9.0,2829089.416666666,1914290.25,67.66666666666667,1741785.583333333,61.54999999999999,172504.66666666663,9.016666666666666,3588283.0,242323.3,0
62,Connecticut,2012,9.0,2845442.25,1888026.5,66.35000000000001,1730017.833333333,60.79166666666668,158008.66666666663,8.358333333333333,3594547.0,244114.4,0
63,Connecticut,2013,9.0,2856909.166666666,1868150.0,65.39166666666667,1719711.333333333,60.2,148438.66666666663,7.95,3594841.0,238621.4,0
64,Connecticut,2014,9.0,2867359.5,1889095.083333333,65.86666666666669,1764020.583333333,61.51666666666668,125074.5,6.616666666666667,3594524.0,237700.4,0
65,Connecticut,2015,9.0,2872221.666666666,1892066.75,65.86666666666667,1785889.416666667,62.16666666666668,106177.33333333331,5.616666666666666,3587122.0,245304.5,0
66,Connecticut,2016,9.0,2874829.916666666,1893437.166666667,65.86666666666667,1801259.166666667,62.65833333333333,92178.0,4.866666666666667,3578141.0,245966.1,0
67,Connecticut,2017,9.0,2878966.833333333,1902990.833333333,66.11666666666666,1819099.666666667,63.17499999999999,83891.16666666669,4.408333333333332,3573297.0,248077.1,0
68,Connecticut,2018,9.0,2884472.833333333,1905061.333333333,66.05,1830545.916666667,63.475,74515.41666666669,3.9166666666666665,3571520.0,249043.3,0
69,Connecticut,2019,9.0,2884713.083333333,1917382.666666667,66.47500000000001,1848708.916666667,64.075,68673.75,3.5916666666666672,3565287.0,251329.8,0
70,Delaware,2010,10.0,700897.5,436261.91666666674,62.24166666666665,398517.08333333326,56.86666666666667,37744.833333333336,8.658333333333335,899593.0,60577.0,0
71,Delaware,2011,10.0,711379.6666666665,443784.41666666674,62.36666666666667,410050.08333333326,57.65000000000001,33734.333333333336,7.608333333333333,907381.0,62501.4,0
72,Delaware,2012,10.0,719197.1666666665,446038.75,62.01666666666667,414521.33333333326,57.63333333333333,31517.41666666667,7.066666666666666,915179.0,61866.7,0
73,Delaware,2013,10.0,727677.1666666665,443691.33333333326,60.96666666666665,414377.83333333326,56.95833333333334,29313.5,6.6083333333333325,923576.0,59496.1,0
74,Delaware,2014,10.0,737066.6666666665,452658.41666666674,61.40000000000001,427332.75,57.975,25325.66666666667,5.6083333333333325,932487.0,64123.6,0
75,Delaware,2015,10.0,746042.75,462843.58333333326,62.04166666666668,440695.91666666674,59.06666666666666,22147.66666666667,4.791666666666668,941252.0,66527.0,0
76,Delaware,2016,10.0,754335.0,468969.25,62.15833333333334,447725.33333333326,59.35,21243.916666666668,4.525000000000001,948921.0,62889.0,0
77,Delaware,2017,10.0,762483.5833333335,475688.58333333326,62.39166666666666,454530.75,59.61666666666665,21157.83333333333,4.449999999999998,956823.0,61851.1,0
78,Delaware,2018,10.0,771179.3333333335,481142.5,62.39166666666666,463330.5,60.07500000000001,17812.0,3.7000000000000006,965479.0,63162.6,0
79,Delaware,2019,10.0,780804.4166666665,488062.58333333326,62.51666666666668,470239.0,60.20833333333334,17823.583333333332,3.65,973764.0,64319.3,0
80,District of Columbia,2010,11.0,502916.75,346800.91666666674,68.975,312261.25,62.1,34539.666666666664,9.95,605226.0,109940.9,0
81,District of Columbia,2011,11.0,516883.5,352151.33333333326,68.13333333333334,316309.41666666674,61.18333333333333,35841.916666666664,10.191666666666668,619800.0,111929.5,0
82,District of Columbia,2012,11.0,528146.75,365128.66666666674,69.13333333333334,332328.41666666674,62.90833333333333,32800.25,8.975,634924.0,112610.0,0
83,District of Columbia,2013,11.0,538976.6666666665,374218.0,69.43333333333332,342636.5,63.56666666666666,31581.5,8.433333333333332,650581.0,112811.4,0
84,District of Columbia,2014,11.0,547902.0833333335,379819.0,69.30833333333332,350542.41666666674,63.99166666666667,29276.58333333333,7.708333333333332,662328.0,114814.8,0
85,District of Columbia,2015,11.0,557242.8333333335,388407.0,69.7,361555.75,64.88333333333334,26851.25,6.916666666666665,675400.0,117011.0,0
86,District of Columbia,2016,11.0,565140.3333333335,395268.5,69.94166666666668,370615.58333333326,65.56666666666668,24652.91666666667,6.2333333333333325,685815.0,119420.2,0
87,District of Columbia,2017,11.0,571922.1666666665,403664.91666666674,70.59166666666667,378946.41666666674,66.26666666666667,24718.5,6.133333333333334,694906.0,120210.9,0
88,District of Columbia,2018,11.0,577254.8333333335,408137.91666666674,70.70833333333333,384869.0,66.68333333333334,23268.91666666667,5.7,701547.0,122661.9,0
89,District of Columbia,2019,11.0,580712.0,415212.5,71.48333333333333,393081.08333333326,67.68333333333334,22131.41666666667,5.325,705749.0,123929.3,0
90,Florida,2010,12.0,14940260.333333336,9146222.583333334,61.225000000000016,8156247.916666668,54.59166666666667,989974.6666666665,10.824999999999998,18845537.0,766653.9,0
91,Florida,2011,12.0,15209662.583333336,9260509.083333334,60.88333333333335,8333318.833333332,54.78333333333333,927190.25,10.0,19053237.0,763484.1,0
92,Florida,2012,12.0,15438000.833333336,9337584.5,60.48333333333333,8529774.083333334,55.25,807810.4166666665,8.666666666666666,19297822.0,768722.9,0
93,Florida,2013,12.0,15672641.833333336,9417333.833333334,60.1,8708972.583333334,55.55833333333334,708361.25,7.533333333333332,19545621.0,784238.4,0
94,Florida,2014,12.0,15947213.5,9546102.5,59.86666666666667,8931062.166666666,56.00833333333335,615040.3333333335,6.433333333333333,19845911.0,806029.4,0
95,Florida,2015,12.0,16266345.333333336,9640779.416666666,59.26666666666668,9108452.833333334,56.00833333333333,532326.5833333335,5.525,20209042.0,842269.4,0
96,Florida,2016,12.0,16616128.583333336,9842511.833333334,59.24166666666665,9360140.666666666,56.34166666666667,482371.16666666674,4.916666666666665,20613477.0,870963.2,0
97,Florida,2017,12.0,16933735.5,10031993.583333334,59.25000000000001,9605685.583333334,56.725,426308.0,4.25,20963613.0,901903.5,0
98,Florida,2018,12.0,17192301.166666668,10165765.0,59.12500000000001,9797290.75,56.975,368474.25,3.625,21244317.0,936580.3,0
99,Florida,2019,12.0,17420996.333333332,10331612.916666666,59.30833333333334,9992352.25,57.36666666666667,339260.66666666674,3.2916666666666674,21477737.0,963255.9,0
100,Georgia,2010,13.0,7322354.916666668,4708977.333333333,64.30000000000003,4207438.75,57.45833333333334,501538.58333333326,10.658333333333333,9711881.0,430702.0,0
101,Georgia,2011,13.0,7381036.5,4739137.666666667,64.19999999999999,4258201.75,57.68333333333333,480935.91666666674,10.158333333333333,9802431.0,438060.2,0
102,Georgia,2012,13.0,7476642.75,4771806.166666667,63.81666666666667,4340082.416666667,58.05833333333334,431723.75,9.041666666666668,9901430.0,443566.1,0
103,Georgia,2013,13.0,7559402.083333332,4751345.5,62.85833333333332,4364851.833333333,57.75000000000001,386493.66666666674,8.141666666666667,9972479.0,449796.1,0
104,Georgia,2014,13.0,7652862.083333332,4745980.916666667,62.025,4406892.166666667,57.59166666666667,339088.75,7.141666666666667,10067278.0,465137.8,0
105,Georgia,2015,13.0,7762111.166666668,4734596.583333333,60.99166666666668,4447352.5,57.30833333333334,287244.08333333326,6.074999999999998,10178447.0,484378.4,0
106,Georgia,2016,13.0,7885093.083333332,4921740.416666667,62.41666666666666,4653212.25,58.99166666666667,268528.16666666674,5.466666666666666,10301890.0,500909.3,0
107,Georgia,2017,13.0,7995888.583333332,5106181.5,63.85833333333333,4862385.416666667,60.81666666666666,243796.08333333328,4.766666666666667,10410330.0,519452.6,0
108,Georgia,2018,13.0,8097653.0,5117710.583333333,63.19999999999999,4911695.916666667,60.65833333333333,206014.66666666663,4.025,10511131.0,538730.8,0
109,Georgia,2019,13.0,8204250.083333332,5148909.75,62.75833333333333,4966879.416666667,60.54166666666666,182030.3333333333,3.5333333333333328,10617423.0,547422.7,0
110,Hawaii,2010,15.0,1030161.9166666665,648396.1666666665,62.96666666666667,604129.4166666665,58.65833333333333,44266.75,6.824999999999998,1363963.0,71075.0,0
111,Hawaii,2011,15.0,1055844.5,660465.0,62.56666666666666,615329.3333333335,58.27500000000001,45135.66666666666,6.833333333333332,1379329.0,72236.3,0
112,Hawaii,2012,15.0,1065644.333333333,650519.8333333335,61.05,612043.25,57.44166666666667,38476.583333333336,5.9,1394804.0,73676.7,0
113,Hawaii,2013,15.0,1074149.333333333,651144.0833333335,60.61666666666667,620202.5833333335,57.73333333333334,30941.5,4.758333333333335,1408243.0,74294.1,0
114,Hawaii,2014,15.0,1080244.833333333,664112.5,61.48333333333334,635967.3333333335,58.86666666666667,28145.16666666667,4.233333333333333,1414538.0,74490.6,0
115,Hawaii,2015,15.0,1086641.833333333,670625.25,61.71666666666666,647695.5833333335,59.60833333333333,22929.66666666667,3.4166666666666665,1422052.0,77176.6,0
116,Hawaii,2016,15.0,1093555.166666667,679237.0,62.11666666666665,659616.6666666665,60.31666666666667,19620.33333333333,2.891666666666666,1427559.0,79093.5,0
117,Hawaii,2017,15.0,1094637.416666667,679733.8333333335,62.08333333333334,664699.4166666665,60.70833333333332,15034.416666666664,2.216666666666667,1424393.0,81039.5,0
118,Hawaii,2018,15.0,1094299.166666667,675013.25,61.69166666666666,659076.3333333335,60.225,15936.916666666664,2.3583333333333334,1420593.0,82203.9,0
119,Hawaii,2019,15.0,1090890.166666667,669270.0833333335,61.35,652922.0,59.85,16348.083333333336,2.4333333333333336,1415872.0,82471.4,0
120,Idaho,2010,16.0,1165429.5,762158.6666666665,65.40833333333333,695375.5833333335,59.68333333333333,66783.08333333331,8.758333333333333,1570746.0,57952.9,0
121,Idaho,2011,16.0,1179092.416666667,764066.9166666665,64.8,701595.75,59.50833333333333,62471.16666666666,8.166666666666666,1583910.0,57825.3,0
122,Idaho,2012,16.0,1193210.916666667,772073.3333333335,64.70833333333333,715011.5833333335,59.90833333333333,57061.75,7.399999999999999,1595324.0,57780.1,0
123,Idaho,2013,16.0,1208620.833333333,777682.75,64.35,724710.75,59.96666666666667,52972.0,6.816666666666666,1611206.0,59966.8,0
124,Idaho,2014,16.0,1226459.333333333,777061.5,63.35833333333333,742988.1666666665,60.575,34073.333333333336,4.383333333333333,1631112.0,61663.2,0
125,Idaho,2015,16.0,1246557.833333333,794897.3333333335,63.78333333333331,764106.8333333335,61.29999999999998,30790.5,3.866666666666666,1651059.0,63235.7,0
126,Idaho,2016,16.0,1274369.5,813091.1666666665,63.80833333333334,783240.5,61.45833333333332,29850.66666666667,3.675,1682380.0,65643.2,0
127,Idaho,2017,16.0,1305332.083333333,833816.5833333335,63.875,807516.9166666665,61.86666666666667,26299.66666666667,3.1583333333333337,1717715.0,68412.2,0
128,Idaho,2018,16.0,1336010.583333333,855275.6666666665,64.01666666666667,831154.25,62.225000000000016,24121.41666666667,2.8166666666666664,1750536.0,72455.4,0
129,Idaho,2019,16.0,1370018.166666667,879431.1666666665,64.18333333333332,855214.8333333335,62.425,24216.33333333333,2.7583333333333333,1787065.0,74937.1,0
130,Illinois,2010,17.0,9905097.416666666,6609172.583333332,66.74166666666666,5916963.666666668,59.72499999999999,692208.9166666665,10.466666666666667,12840503.0,694001.9,0
131,Illinois,2011,17.0,9949849.0,6568428.416666668,66.01666666666667,5927033.916666668,59.575,641394.5,9.758333333333336,12867454.0,706705.2,0
132,Illinois,2012,17.0,9992929.916666666,6584903.916666668,65.88333333333333,5988960.666666668,59.92499999999999,595943.25,9.05,12882510.0,720881.5,0
133,Illinois,2013,17.0,10027606.666666666,6558246.583333332,65.4,5963896.083333332,59.46666666666666,594350.5,9.075,12895129.0,719922.2,0
134,Illinois,2014,17.0,10049203.5,6515400.5,64.83333333333334,6047928.0,60.175,467472.5,7.166666666666668,12884493.0,735876.3,0
135,Illinois,2015,17.0,10052540.0,6512987.083333332,64.79166666666666,6121667.166666668,60.90000000000001,391319.91666666674,5.991666666666666,12858913.0,747666.8,0
136,Illinois,2016,17.0,10048210.0,6558589.416666668,65.29166666666666,6172216.75,61.43333333333333,386372.66666666674,5.883333333333334,12820527.0,746370.0,0
137,Illinois,2017,17.0,10040315.5,6484364.25,64.59166666666668,6163404.25,61.38333333333333,320960.0,4.949999999999998,12778828.0,752459.2,0
138,Illinois,2018,17.0,10019477.916666666,6472940.5,64.60833333333335,6189232.5,61.775,283708.0,4.374999999999999,12723071.0,769631.2,0
139,Illinois,2019,17.0,9996650.833333334,6445157.75,64.47500000000001,6189040.916666668,61.90833333333333,256116.83333333328,3.975,12671821.0,773135.5,0
140,Indiana,2010,18.0,4962815.416666667,3175507.0,64.0,2855540.416666666,57.53333333333334,319966.58333333326,10.083333333333334,6490432.0,295526.0,0
141,Indiana,2011,18.0,5002729.333333333,3188446.916666666,63.73333333333332,2904335.916666666,58.04166666666666,284111.0,8.908333333333333,6516528.0,296674.3,0
142,Indiana,2012,18.0,5032521.166666667,3173141.166666666,63.04999999999999,2912230.333333333,57.85833333333334,260910.83333333328,8.225000000000001,6537703.0,297816.1,0
143,Indiana,2013,18.0,5064442.416666667,3192664.75,63.05833333333334,2953456.583333333,58.31666666666666,239208.16666666663,7.5,6568713.0,303966.8,0
144,Indiana,2014,18.0,5093836.5,3229212.75,63.39166666666666,3037398.0,59.63333333333333,191814.75,5.949999999999998,6593644.0,313830.9,0
145,Indiana,2015,18.0,5117280.416666667,3266934.833333333,63.84166666666666,3110406.5,60.77500000000001,156528.33333333337,4.783333333333334,6608422.0,311850.4,0
146,Indiana,2016,18.0,5148021.583333333,3332067.916666666,64.73333333333333,3186478.833333333,61.89166666666667,145589.08333333337,4.366666666666666,6634304.0,316545.6,0
147,Indiana,2017,18.0,5177520.916666667,3327035.25,64.24166666666667,3211099.916666666,62.00833333333335,115935.33333333331,3.4916666666666663,6658078.0,322969.3,0
148,Indiana,2018,18.0,5210226.916666667,3378896.166666666,64.86666666666666,3264711.083333333,62.675,114185.08333333331,3.3833333333333333,6695497.0,332156.8,0
149,Indiana,2019,18.0,5243581.833333333,3381579.333333333,64.48333333333333,3272555.083333333,62.41666666666666,109024.25,3.233333333333333,6732219.0,337636.1,0
150,Iowa,2010,19.0,2358177.0,1674190.666666667,71.0,1571900.5,66.64999999999999,102290.16666666669,6.116666666666667,3050745.0,150099.2,0
151,Iowa,2011,19.0,2375851.333333333,1670116.333333333,70.3,1575940.75,66.33333333333336,94175.58333333331,5.650000000000001,3066336.0,152153.2,0
152,Iowa,2012,19.0,2389698.083333333,1660358.333333333,69.49166666666666,1576257.25,65.94999999999999,84101.08333333331,5.058333333333334,3076190.0,157838.6,0
153,Iowa,2013,19.0,2405162.5,1676882.25,69.725,1597567.416666667,66.425,79314.83333333331,4.7250000000000005,3092997.0,157902.5,0
154,Iowa,2014,19.0,2420070.416666666,1699027.75,70.20833333333331,1627046.833333333,67.225,71980.91666666669,4.2250000000000005,3109350.0,165641.4,0
155,Iowa,2015,19.0,2431479.5,1700631.416666667,69.93333333333334,1637625.083333333,67.35000000000001,63006.33333333334,3.691666666666667,3120960.0,170545.9,0
156,Iowa,2016,19.0,2442455.916666666,1703087.583333333,69.71666666666667,1641910.583333333,67.23333333333333,61177.0,3.575,3131371.0,169488.8,0
157,Iowa,2017,19.0,2452634.833333333,1686578.666666667,68.78333333333335,1634396.75,66.64166666666667,52181.91666666666,3.083333333333333,3141550.0,168976.5,0
158,Iowa,2018,19.0,2460389.25,1701548.75,69.15833333333333,1657315.833333333,67.35833333333333,44232.91666666666,2.6,3148618.0,172844.7,0
159,Iowa,2019,19.0,2471395.5,1733664.25,70.14999999999999,1685761.5,68.20833333333333,47902.75,2.75,3155070.0,173515.4,0
160,Kansas,2010,20.0,2148694.5,1500469.583333333,69.825,1396262.666666667,64.98333333333332,104206.91666666669,6.933333333333333,2858190.0,135182.0,0
161,Kansas,2011,20.0,2161751.75,1497807.0,69.28333333333335,1402091.0,64.85833333333333,95716.0,6.383333333333333,2869225.0,138782.0,0
162,Kansas,2012,20.0,2174286.833333333,1490938.333333333,68.575,1405657.416666667,64.65833333333335,85280.91666666669,5.716666666666668,2885257.0,140764.1,0
163,Kansas,2013,20.0,2183614.25,1489830.416666667,68.22500000000001,1410945.583333333,64.61666666666667,78884.83333333331,5.3,2893212.0,140355.8,0
164,Kansas,2014,20.0,2194459.666666666,1494142.666666667,68.09166666666665,1426810.416666667,65.025,67332.25,4.508333333333332,2900475.0,144131.5,0
165,Kansas,2015,20.0,2204743.166666666,1493864.416666667,67.76666666666668,1431795.25,64.95833333333333,62069.16666666666,4.15,2909011.0,147929.8,0
166,Kansas,2016,20.0,2213993.583333333,1491806.583333333,67.375,1431732.75,64.66666666666666,60073.83333333334,4.016666666666667,2910844.0,152511.5,0
167,Kansas,2017,20.0,2217600.833333333,1483659.916666667,66.90833333333333,1429849.083333333,64.475,53810.83333333334,3.633333333333333,2908718.0,154456.6,0
168,Kansas,2018,20.0,2222350.333333333,1483534.333333333,66.74166666666667,1434727.0,64.56666666666668,48807.33333333334,3.2833333333333328,2911359.0,158192.7,0
169,Kansas,2019,20.0,2227888.666666666,1493631.416666667,67.05,1446479.75,64.93333333333335,47151.66666666666,3.1416666666666675,2913314.0,160059.3,0
170,Kentucky,2010,21.0,3350085.5,2064406.666666667,61.61666666666667,1852447.916666667,55.29999999999999,211958.75,10.266666666666667,4348181.0,172266.7,0
171,Kentucky,2011,21.0,3371492.5,2061205.666666667,61.14166666666666,1868146.166666667,55.40833333333333,193059.5,9.375000000000002,4369821.0,174202.7,0
172,Kentucky,2012,21.0,3389582.583333333,2060292.0,60.78333333333333,1891236.583333333,55.79166666666666,169055.41666666663,8.2,4386346.0,176323.1,0
173,Kentucky,2013,21.0,3411412.916666666,2056652.083333333,60.29166666666666,1893497.083333333,55.50833333333333,163155.0,7.916666666666668,4404659.0,179499.1,0
174,Kentucky,2014,21.0,3427723.25,2006478.833333333,58.53333333333333,1877629.916666667,54.77500000000001,128848.91666666669,6.416666666666668,4414349.0,179888.5,0
175,Kentucky,2015,21.0,3443533.5,1979616.666666667,57.48333333333334,1876193.833333333,54.49166666666667,103422.83333333331,5.233333333333333,4425976.0,182487.9,0
176,Kentucky,2016,21.0,3459892.083333333,2015973.5,58.25833333333335,1914499.5,55.31666666666667,101474.0,5.033333333333333,4438182.0,183454.9,0
177,Kentucky,2017,21.0,3475932.416666666,2049482.416666667,58.96666666666666,1952063.5,56.17499999999999,97418.91666666669,4.766666666666667,4452268.0,184600.8,0
178,Kentucky,2018,21.0,3486325.833333333,2052855.583333333,58.87499999999998,1966553.833333333,56.4,86301.75,4.200000000000001,4461153.0,187507.4,0
179,Kentucky,2019,21.0,3497218.916666666,2070043.333333333,59.18333333333334,1984542.0,56.75,85501.33333333331,4.116666666666668,4467673.0,190811.5,0
180,Louisiana,2010,22.0,3437870.583333333,2084849.583333333,60.65833333333333,1928123.583333333,56.09166666666667,156726.0,7.5166666666666675,4544532.0,247856.5,0
181,Louisiana,2011,22.0,3477805.0,2080086.583333333,59.80833333333334,1925604.416666667,55.375,154482.16666666663,7.433333333333333,4575625.0,234299.7,0
182,Louisiana,2012,22.0,3502626.666666666,2090238.583333333,59.68333333333334,1948835.333333333,55.62500000000001,141403.25,6.7666666666666675,4600972.0,233481.2,0
183,Louisiana,2013,22.0,3525455.0,2101861.666666666,59.60833333333333,1967289.166666667,55.8,134572.5,6.416666666666668,4624527.0,226345.4,0
184,Louisiana,2014,22.0,3546849.0,2141396.666666666,60.37500000000001,2007559.666666667,56.6,133837.0,6.25,4644013.0,232746.2,0
185,Louisiana,2015,22.0,3568063.166666666,2150738.583333333,60.28333333333334,2015528.333333333,56.48333333333334,135210.25,6.291666666666668,4664628.0,230434.0,0
186,Louisiana,2016,22.0,3583946.666666666,2123908.75,59.26666666666666,1994883.75,55.65833333333333,129025.0,6.066666666666667,4678135.0,225361.8,0
187,Louisiana,2017,22.0,3585637.75,2108220.333333333,58.78333333333333,2000252.416666667,55.79166666666666,107967.91666666669,5.125,4670560.0,228819.3,0
188,Louisiana,2018,22.0,3584334.166666666,2114842.083333333,59.00833333333333,2012707.083333333,56.15833333333334,102135.0,4.824999999999998,4659690.0,235021.9,0
189,Louisiana,2019,22.0,3584213.5,2119991.166666666,59.13333333333333,2021947.583333333,56.40833333333333,98043.58333333331,4.633333333333334,4648794.0,239967.2,0
190,Maine,2010,23.0,1073082.583333333,697749.5833333335,65.02499999999999,639057.9166666665,59.55833333333334,58691.66666666666,8.416666666666666,1327629.0,53790.1,0
191,Maine,2011,23.0,1079355.75,698901.3333333335,64.75833333333331,644884.8333333335,59.74166666666667,54016.5,7.725,1328284.0,53088.2,0
192,Maine,2012,23.0,1082404.916666667,700834.5,64.74166666666666,650424.6666666665,60.07500000000001,50409.83333333334,7.1916666666666655,1327729.0,52866.6,0
193,Maine,2013,23.0,1085150.416666667,704333.0,64.9,657259.25,60.57500000000001,47073.75,6.683333333333334,1328009.0,52456.3,0
194,Maine,2014,23.0,1089256.5,698028.5,64.08333333333333,659099.0,60.50833333333333,38929.5,5.558333333333334,1330513.0,53445.1,0
195,Maine,2015,23.0,1091323.75,687900.9166666665,63.04166666666668,657691.4166666665,60.25833333333333,30209.5,4.383333333333334,1328262.0,53879.3,0
196,Maine,2016,23.0,1094744.25,693937.8333333335,63.39166666666667,667738.3333333335,60.99166666666665,26199.5,3.775,1331317.0,55088.1,0
197,Maine,2017,23.0,1099814.416666667,699445.5,63.58333333333334,675879.6666666665,61.44999999999999,23565.83333333333,3.358333333333333,1334612.0,55964.7,0
198,Maine,2018,23.0,1105150.333333333,698278.3333333335,63.18333333333334,676529.5833333335,61.20833333333334,21748.75,3.1166666666666667,1339057.0,57302.7,0
199,Maine,2019,23.0,1111587.333333333,696270.75,62.63333333333336,677207.3333333335,60.91666666666666,19063.416666666668,2.7166666666666663,1344212.0,58793.3,0
200,Maryland,2010,24.0,4488287.583333333,3078517.75,68.6,2837523.333333333,63.225,240994.41666666663,7.825,5788645.0,327088.7,0
201,Maryland,2011,24.0,4553234.833333333,3096908.083333333,68.00833333333331,2870546.75,63.05,226361.33333333328,7.316666666666666,5839419.0,333963.8,0
202,Maryland,2012,24.0,4601141.416666667,3121324.583333333,67.83333333333333,2906879.5,63.18333333333333,214445.0833333333,6.866666666666666,5886992.0,334555.5,0
203,Maryland,2013,24.0,4639291.75,3129499.583333333,67.45833333333333,2925343.25,63.05833333333333,204156.3333333333,6.5166666666666675,5923188.0,334431.0,0
204,Maryland,2014,24.0,4670633.833333333,3124848.083333333,66.89999999999999,2945698.75,63.07500000000001,179149.33333333337,5.733333333333333,5957283.0,339991.3,0
205,Maryland,2015,24.0,4697560.833333333,3140166.0,66.83333333333333,2983590.666666666,63.50000000000001,156575.33333333337,4.991666666666666,5985562.0,349146.8,0
206,Maryland,2016,24.0,4715122.416666667,3156152.666666666,66.92500000000001,3020666.166666666,64.05,135486.5,4.291666666666667,6003323.0,359987.5,0
207,Maryland,2017,24.0,4736256.916666667,3202683.416666666,67.625,3071959.833333333,64.84166666666665,130723.58333333331,4.083333333333334,6023868.0,365857.0,0
208,Maryland,2018,24.0,4752321.083333333,3215144.75,67.64166666666667,3092254.583333333,65.06666666666668,122890.16666666669,3.833333333333334,6035802.0,368810.4,0
209,Maryland,2019,24.0,4766221.416666667,3269612.583333333,68.60833333333333,3155973.0,66.20833333333333,113639.58333333331,3.4833333333333325,6045680.0,374039.3,0
210,Massachusetts,2010,25.0,5252271.916666667,3478585.25,66.23333333333335,3198448.0,60.88333333333333,280137.25,8.058333333333334,6566307.0,425028.7,0
211,Massachusetts,2011,25.0,5295565.166666667,3484169.916666666,65.8,3232509.333333333,61.05,251660.58333333328,7.225,6613583.0,435158.0,0
212,Massachusetts,2012,25.0,5351700.0,3506989.75,65.52499999999999,3271573.833333333,61.14166666666667,235415.91666666663,6.700000000000002,6663005.0,444478.2,0
213,Massachusetts,2013,25.0,5407695.833333333,3517511.0,65.04999999999998,3284165.083333333,60.74166666666667,233345.91666666663,6.6416666666666675,6713315.0,446190.4,0
214,Massachusetts,2014,25.0,5461991.416666667,3568913.25,65.35000000000001,3364106.75,61.6,204806.5,5.741666666666667,6762596.0,453778.2,0
215,Massachusetts,2015,25.0,5504918.833333333,3590195.75,65.21666666666665,3418325.083333333,62.1,171870.66666666663,4.791666666666667,6794228.0,471979.2,0
216,Massachusetts,2016,25.0,5543886.666666667,3618191.916666666,65.24999999999999,3472462.416666666,62.63333333333333,145729.5,4.041666666666666,6823608.0,479184.9,0
217,Massachusetts,2017,25.0,5584359.5,3681850.0,65.92500000000001,3541403.75,63.40833333333333,140446.25,3.8,6859789.0,490874.1,0
218,Massachusetts,2018,25.0,5614646.416666667,3762942.583333334,67.03333333333335,3632999.583333334,64.7,129943.0,3.4499999999999997,6882635.0,507806.0,0
219,Massachusetts,2019,25.0,5636431.333333332,3782118.5,67.10000000000001,3667922.416666666,65.09166666666668,114196.08333333331,3.025,6892503.0,519961.6,0
220,Michigan,2010,26.0,7739420.833333332,4754752.083333333,61.43333333333333,4174466.25,53.94166666666666,580285.8333333335,12.191666666666668,9877510.0,400941.8,0
221,Michigan,2011,26.0,7755121.916666668,4668640.416666667,60.19999999999999,4201492.833333333,54.18333333333334,467147.58333333326,10.008333333333333,9882412.0,411427.2,0
222,Michigan,2012,26.0,7791752.166666668,4686361.75,60.13333333333333,4262696.666666667,54.70833333333334,423665.08333333326,9.058333333333334,9897145.0,418742.3,0
223,Michigan,2013,26.0,7826580.583333332,4737929.25,60.53333333333333,4324877.75,55.25833333333333,413051.5,8.725,9913065.0,425327.3,0
224,Michigan,2014,26.0,7859937.5,4758935.583333333,60.54166666666666,4415420.083333333,56.16666666666668,343515.5,7.233333333333333,9929848.0,430935.6,0
225,Michigan,2015,26.0,7884086.833333332,4760773.666666667,60.36666666666667,4502705.416666667,57.10833333333334,258068.25,5.425000000000002,9931715.0,442287.6,0
226,Michigan,2016,26.0,7917715.166666668,4849105.083333333,61.24999999999999,4606582.333333333,58.18333333333332,242522.75,5.008333333333334,9950571.0,451025.9,0
227,Michigan,2017,26.0,7953054.5,4886894.333333333,61.44166666666666,4662832.833333333,58.625,224061.5,4.583333333333335,9973114.0,457341.5,0
228,Michigan,2018,26.0,7976843.666666668,4917555.166666667,61.65,4712486.083333333,59.08333333333334,205069.0833333333,4.158333333333334,9984072.0,467828.0,0
229,Michigan,2019,26.0,7990659.333333332,4949300.0,61.94166666666666,4747971.0,59.40833333333333,201329.0,4.066666666666666,9986857.0,471648.1,0
230,Minnesota,2010,27.0,4115655.166666666,2940580.333333333,71.45,2723277.5,66.15833333333335,217302.8333333333,7.391666666666667,5310828.0,285746.3,0
231,Minnesota,2011,27.0,4150149.916666666,2952236.833333333,71.11666666666666,2759782.75,66.49166666666667,192454.0833333333,6.525000000000001,5346143.0,292275.1,0
232,Minnesota,2012,27.0,4184425.666666666,2950439.25,70.50833333333334,2783839.916666666,66.51666666666667,166599.33333333337,5.650000000000001,5376643.0,296272.5,0
233,Minnesota,2013,27.0,4218760.0,2961662.083333333,70.2,2812495.416666666,66.66666666666667,149166.66666666663,5.041666666666666,5413479.0,303222.5,0
234,Minnesota,2014,27.0,4252304.916666667,2979740.833333333,70.07500000000002,2852632.0,67.1,127108.83333333331,4.266666666666667,5451079.0,312084.0,0
235,Minnesota,2015,27.0,4282725.583333333,3005811.333333333,70.18333333333335,2892147.416666666,67.525,113663.91666666669,3.7916666666666665,5482032.0,316863.3,0
236,Minnesota,2016,27.0,4318608.25,3023731.25,70.02499999999999,2906932.833333333,67.30833333333335,116798.41666666669,3.875,5522744.0,321980.0,0
237,Minnesota,2017,27.0,4356933.25,3050457.083333333,70.00833333333334,2945448.666666666,67.60000000000001,105008.41666666669,3.441666666666667,5566230.0,327667.5,0
238,Minnesota,2018,27.0,4392016.166666667,3059180.75,69.65833333333335,2966376.5,67.54166666666667,92804.25,3.025,5606249.0,337215.9,0
239,Minnesota,2019,27.0,4424057.5,3093020.583333333,69.91666666666667,2995726.833333333,67.71666666666665,97293.75,3.1333333333333337,5639632.0,341041.4,0
240,Mississippi,2010,28.0,2228132.166666666,1308750.083333333,58.74166666666667,1176978.166666667,52.83333333333334,131771.91666666663,10.083333333333334,2970548.0,100043.3,0
241,Mississippi,2011,28.0,2245128.083333333,1346145.666666667,59.95833333333332,1214611.166666667,54.10833333333334,131534.5,9.775,2978731.0,98765.3,0
242,Mississippi,2012,28.0,2254011.25,1330565.916666667,59.03333333333333,1213118.833333333,53.83333333333334,117447.08333333331,8.825,2983816.0,99616.3,0
243,Mississippi,2013,28.0,2264122.583333333,1273606.416666667,56.27500000000001,1165487.5,51.475,108118.91666666669,8.491666666666667,2988711.0,99456.4,0
244,Mississippi,2014,28.0,2272488.75,1243839.833333333,54.725000000000016,1149332.5,50.575,94507.33333333331,7.591666666666668,2990468.0,99501.2,0
245,Mississippi,2015,28.0,2278953.333333333,1259919.583333333,55.28333333333334,1178250.416666667,51.70833333333334,81669.16666666669,6.4833333333333325,2988471.0,100013.6,0
246,Mississippi,2016,28.0,2285176.416666666,1272080.833333333,55.66666666666668,1196124.5,52.35833333333334,75956.33333333331,5.966666666666666,2987938.0,100412.1,0
247,Mississippi,2017,28.0,2289991.416666666,1273869.083333333,55.61666666666667,1207335.666666667,52.71666666666668,66533.41666666669,5.216666666666667,2988510.0,101071.7,0
248,Mississippi,2018,28.0,2286735.0,1269926.916666667,55.53333333333333,1206922.166666667,52.77500000000001,63004.75,4.941666666666666,2981020.0,102061.7,0
249,Mississippi,2019,28.0,2287341.5,1280407.083333333,55.98333333333335,1209555.666666667,52.88333333333333,70851.41666666669,5.5166666666666675,2976149.0,102656.4,0
250,Missouri,2010,29.0,4629450.25,3042979.75,65.72500000000001,2754011.583333333,59.49166666666667,288968.16666666674,9.508333333333336,5995974.0,269057.9,0
251,Missouri,2011,29.0,4648959.0,3032563.166666666,65.23333333333333,2770296.75,59.58333333333334,262266.41666666674,8.641666666666667,6010275.0,266254.6,0
252,Missouri,2012,29.0,4670470.75,3005066.916666666,64.33333333333331,2789233.0,59.70833333333332,215833.91666666663,7.191666666666667,6024367.0,268861.9,0
253,Missouri,2013,29.0,4690655.583333333,3012429.083333333,64.21666666666668,2808030.333333333,59.85833333333332,204398.75,6.774999999999999,6040715.0,271475.9,0
254,Missouri,2014,29.0,4713011.0,3035420.0,64.40833333333333,2848543.416666666,60.41666666666666,186876.5833333333,6.15,6056202.0,272786.8,0
255,Missouri,2015,29.0,4735157.5,3057900.916666666,64.575,2901888.916666666,61.29166666666666,156012.0,5.108333333333333,6071732.0,276316.7,0
256,Missouri,2016,29.0,4755611.666666667,3072730.583333333,64.61666666666666,2933058.083333333,61.675,139672.5,4.55,6087135.0,276210.9,0
257,Missouri,2017,29.0,4777053.25,3057283.75,64.0,2942114.5,61.6,115169.25,3.766666666666667,6106670.0,279264.3,0
258,Missouri,2018,29.0,4793609.166666667,3051202.75,63.65000000000001,2952877.833333333,61.59166666666668,98324.91666666669,3.2166666666666672,6121623.0,284696.3,0
259,Missouri,2019,29.0,4814503.333333333,3078588.166666666,63.94166666666667,2977976.916666666,61.85833333333333,100611.25,3.275,6137428.0,287659.3,0
260,Montana,2010,30.0,777255.1666666665,500857.33333333326,64.45,464850.83333333326,59.825,36006.5,7.183333333333333,990697.0,40595.1,0
261,Montana,2011,30.0,784510.75,501026.91666666674,63.85833333333333,467780.66666666674,59.61666666666667,33246.25,6.625,997316.0,41511.3,0
262,Montana,2012,30.0,791191.75,506625.41666666674,64.03333333333335,477218.08333333326,60.31666666666666,29407.33333333333,5.8,1003783.0,42041.6,0
263,Montana,2013,30.0,799349.6666666665,511164.0,63.94999999999999,483868.83333333326,60.51666666666667,27295.16666666667,5.341666666666666,1013569.0,42429.7,0
264,Montana,2014,30.0,806980.9166666665,512844.58333333326,63.55,488949.16666666674,60.600000000000016,23895.41666666667,4.666666666666667,1021869.0,43285.1,0
265,Montana,2015,30.0,814805.4166666665,517781.66666666674,63.55833333333334,495626.33333333326,60.82499999999999,22155.33333333333,4.291666666666665,1030475.0,45042.5,0
266,Montana,2016,30.0,824041.8333333335,521800.66666666674,63.325,499299.41666666674,60.6,22501.25,4.325,1040859.0,44580.7,0
267,Montana,2017,30.0,834305.0833333335,525393.25,62.975,503862.83333333326,60.39166666666667,21530.416666666668,4.108333333333333,1052482.0,45480.6,0
268,Montana,2018,30.0,842893.3333333335,529725.0833333335,62.84166666666666,509738.91666666674,60.46666666666667,19986.166666666668,3.7750000000000012,1060665.0,46627.5,0
269,Montana,2019,30.0,851622.3333333335,537215.0,63.08333333333332,517875.16666666674,60.8,19339.83333333333,3.6083333333333343,1068778.0,47916.3,0
270,Nebraska,2010,31.0,1386390.083333333,992015.1666666665,71.55833333333331,945262.3333333335,68.18333333333334,46752.83333333334,4.7,1829542.0,97830.1,1
271,Nebraska,2011,31.0,1399913.916666667,1003443.6666666665,71.66666666666666,959233.1666666665,68.51666666666667,44210.5,4.4,1840672.0,102685.1,1
272,Nebraska,2012,31.0,1410901.166666667,1012943.5,71.80833333333331,973500.3333333335,69.00833333333335,39443.16666666666,3.883333333333333,1853303.0,102605.3,1
273,Nebraska,2013,31.0,1420827.916666667,1015185.0,71.45,977855.8333333335,68.825,37329.16666666666,3.675,1865279.0,103974.8,1
274,Nebraska,2014,31.0,1431323.166666667,1012567.5833333335,70.73333333333333,979639.4166666665,68.44999999999999,32928.166666666664,3.25,1879321.0,107394.4,1
275,Nebraska,2015,31.0,1440994.25,1011802.0,70.225,981459.75,68.10833333333335,30342.25,2.983333333333333,1891277.0,110752.9,1
276,Nebraska,2016,31.0,1452381.25,1016063.6666666665,69.94166666666666,984889.3333333335,67.8,31174.33333333333,3.066666666666667,1905616.0,111611.7,1
277,Nebraska,2017,31.0,1462197.166666667,1016538.75,69.525,986675.75,67.48333333333333,29863.0,2.933333333333333,1915947.0,113754.2,1
278,Nebraska,2018,31.0,1470781.333333333,1026968.1666666665,69.8,997574.75,67.83333333333333,29393.41666666667,2.858333333333333,1925614.0,115087.9,1
279,Nebraska,2019,31.0,1479047.583333333,1040467.9166666665,70.35000000000001,1009490.0,68.24166666666666,30977.91666666667,2.975,1934408.0,117395.2,1
280,Nevada,2010,32.0,2061292.583333333,1358413.083333333,65.89166666666668,1171975.0,56.86666666666667,186438.0833333333,13.733333333333334,2702405.0,128878.9,0
281,Nevada,2011,32.0,2092674.083333333,1360623.916666667,65.00833333333333,1179541.166666667,56.37500000000001,181082.75,13.316666666666668,2712730.0,129748.1,0
282,Nevada,2012,32.0,2122954.0,1366619.833333333,64.375,1207821.916666667,56.89166666666667,158797.91666666663,11.608333333333334,2743996.0,127789.1,0
283,Nevada,2013,32.0,2154637.333333333,1370939.916666667,63.63333333333335,1234348.5,57.29166666666666,136591.41666666663,9.966666666666663,2775970.0,128341.2,0
284,Nevada,2014,32.0,2192082.5,1380091.75,62.958333333333314,1267421.416666667,57.82500000000001,112670.33333333331,8.158333333333333,2817628.0,129405.2,0
285,Nevada,2015,32.0,2235028.166666666,1396826.166666667,62.49166666666667,1301280.583333333,58.21666666666668,95545.58333333331,6.8500000000000005,2866939.0,134892.2,0
286,Nevada,2016,32.0,2279403.833333333,1414405.666666667,62.05833333333333,1332376.333333333,58.45,82029.33333333331,5.808333333333335,2917563.0,138638.9,0
287,Nevada,2017,32.0,2326795.833333333,1453012.583333333,62.45000000000002,1380088.666666667,59.30000000000001,72923.91666666669,5.016666666666667,2969905.0,143590.9,0
288,Nevada,2018,32.0,2378605.0,1505647.583333333,63.29166666666666,1439539.916666667,60.51666666666666,66107.66666666669,4.408333333333332,3027341.0,149663.0,0
289,Nevada,2019,32.0,2432622.333333333,1566433.666666667,64.39166666666667,1505357.5,61.88333333333333,61076.16666666666,3.9,3080156.0,153728.6,0
290,New Hampshire,2010,33.0,1055690.916666667,739304.8333333335,70.05,694287.3333333335,65.75,45017.5,6.083333333333332,1316762.0,66460.5,0
291,New Hampshire,2011,33.0,1060141.083333333,736689.6666666665,69.49166666666666,696488.5,65.7,40201.16666666666,5.449999999999998,1320202.0,66859.3,0
292,New Hampshire,2012,33.0,1068653.666666667,740956.25,69.32499999999999,700584.1666666665,65.56666666666668,40372.083333333336,5.466666666666668,1324232.0,67635.7,0
293,New Hampshire,2013,33.0,1075450.666666667,743243.0,69.1,704317.5833333335,65.49166666666666,38925.41666666666,5.250000000000001,1326622.0,68124.5,0
294,New Hampshire,2014,33.0,1083434.416666667,743873.0,68.66666666666667,711797.0,65.675,32076.0,4.325,1333341.0,69506.5,0
295,New Hampshire,2015,33.0,1089562.0,746322.8333333335,68.49999999999999,720896.5,66.15833333333335,25426.33333333333,3.391666666666666,1336350.0,71419.1,0
296,New Hampshire,2016,33.0,1097720.166666667,752466.4166666665,68.55,730872.3333333335,66.58333333333333,21594.08333333333,2.8833333333333333,1342307.0,73022.7,0
297,New Hampshire,2017,33.0,1106476.416666667,755046.25,68.24166666666669,733858.9166666665,66.32499999999999,21187.33333333333,2.8250000000000006,1348787.0,74253.6,0
298,New Hampshire,2018,33.0,1113848.916666667,764470.25,68.64166666666668,744230.1666666665,66.825,20240.08333333333,2.650000000000001,1353465.0,76165.3,0
299,New Hampshire,2019,33.0,1122120.916666667,773310.25,68.91666666666667,753250.25,67.12500000000001,20060.0,2.6000000000000005,1359711.0,77240.3,0
300,New Jersey,2010,34.0,6860978.916666668,4559402.416666667,66.45833333333333,4118771.416666666,60.02500000000001,440631.0,9.658333333333333,8799446.0,516400.5,0
301,New Jersey,2011,34.0,6916237.083333332,4561838.916666667,65.95833333333333,4134731.833333334,59.76666666666666,427107.08333333326,9.374999999999998,8828117.0,510773.3,0
302,New Jersey,2012,34.0,6947898.0,4577199.833333333,65.89166666666665,4147707.666666666,59.70000000000001,429492.16666666674,9.383333333333336,8844942.0,519569.0,0
303,New Jersey,2013,34.0,6973699.916666668,4528301.0,64.925,4148010.916666666,59.48333333333332,380290.08333333326,8.374999999999998,8856972.0,526889.9,0
304,New Jersey,2014,34.0,6994769.75,4493705.833333333,64.24166666666666,4191225.916666666,59.90000000000001,302479.91666666674,6.733333333333333,8864525.0,524420.4,0
305,New Jersey,2015,34.0,7012396.666666668,4494823.083333333,64.09166666666665,4238646.416666667,60.45,256176.66666666663,5.7,8867949.0,535284.5,0
306,New Jersey,2016,34.0,7030112.5,4493227.0,63.91666666666666,4271301.25,60.75833333333335,221925.75,4.941666666666666,8870827.0,540380.3,0
307,New Jersey,2017,34.0,7052098.25,4476067.666666667,63.46666666666667,4273858.416666667,60.61666666666667,202209.25,4.508333333333334,8885525.0,540656.6,0
308,New Jersey,2018,34.0,7064412.666666668,4455438.25,63.05833333333334,4277961.333333333,60.55833333333334,177476.91666666663,3.9916666666666663,8886025.0,549000.8,0
309,New Jersey,2019,34.0,7074056.666666668,4522070.166666667,63.91666666666666,4367640.916666667,61.74166666666667,154429.25,3.4250000000000003,8882190.0,556731.0,0
310,New Mexico,2010,35.0,1560087.333333333,928855.75,59.55833333333333,856664.1666666665,54.92499999999999,72191.58333333331,7.774999999999999,2064552.0,87053.8,0
311,New Mexico,2011,35.0,1583448.083333333,925002.8333333335,58.42499999999999,858135.0,54.19166666666667,66867.83333333331,7.216666666666668,2080450.0,87225.0,0
312,New Mexico,2012,35.0,1593230.666666667,928736.0833333335,58.29166666666666,863944.0833333335,54.23333333333333,64792.0,6.966666666666666,2087309.0,87644.8,0
313,New Mexico,2013,35.0,1600998.25,929669.5,58.05833333333333,865527.5833333335,54.07500000000001,64141.91666666666,6.908333333333332,2092273.0,86624.8,0
314,New Mexico,2014,35.0,1605079.416666667,932024.0833333335,58.08333333333334,870554.25,54.24166666666667,61469.83333333334,6.591666666666669,2089568.0,89372.2,0
315,New Mexico,2015,35.0,1610773.916666667,938332.6666666665,58.25833333333335,876411.1666666665,54.40833333333333,61921.5,6.600000000000001,2089291.0,91679.5,0
316,New Mexico,2016,35.0,1617770.333333333,944334.8333333335,58.38333333333333,880426.3333333335,54.43333333333332,63908.5,6.75,2091630.0,91713.9,0
317,New Mexico,2017,35.0,1624138.583333333,946279.5,58.27500000000001,888816.75,54.71666666666666,57462.75,6.075,2091784.0,91772.3,0
318,New Mexico,2018,35.0,1631213.25,947656.25,58.1,900728.75,55.21666666666666,46927.5,4.941666666666666,2092741.0,93870.9,0
319,New Mexico,2019,35.0,1641763.666666667,960185.6666666665,58.48333333333334,911952.3333333335,55.55000000000001,48233.33333333334,5.025,2096829.0,98765.7,0
320,New York,2010,36.0,15382859.916666664,9630596.5,62.6,8791761.416666666,57.15833333333333,838835.0833333335,8.716666666666667,19399878.0,1267972.0,0
321,New York,2011,36.0,15474263.5,9536217.75,61.63333333333333,8739638.416666666,56.475,796579.3333333335,8.358333333333333,19499241.0,1270516.7,0
322,New York,2012,36.0,15564710.666666664,9603853.333333334,61.69999999999999,8775712.75,56.38333333333333,828140.5833333335,8.625,19572932.0,1323400.8,0
323,New York,2013,36.0,15639250.083333336,9634652.833333334,61.61666666666667,8883123.583333334,56.79166666666666,751529.25,7.791666666666665,19624447.0,1325490.0,0
324,New York,2014,36.0,15690912.0,9524310.25,60.725000000000016,8926217.25,56.875,598093.0,6.291666666666668,19651049.0,1347559.8,0
325,New York,2015,36.0,15718034.5,9536781.5,60.67500000000001,9037180.083333334,57.50000000000001,499601.41666666674,5.2333333333333325,19654666.0,1372232.4,0
326,New York,2016,36.0,15729054.0,9528079.416666666,60.58333333333334,9063224.833333334,57.61666666666667,464854.58333333326,4.874999999999999,19633428.0,1397723.7,0
327,New York,2017,36.0,15721288.583333336,9549173.5,60.725,9105641.25,57.92499999999999,443532.25,4.650000000000001,19589572.0,1424905.5,0
328,New York,2018,36.0,15700457.583333336,9509711.416666666,60.56666666666667,9119712.166666666,58.08333333333334,389999.25,4.091666666666666,19530351.0,1467076.8,0
329,New York,2019,36.0,15659355.833333336,9508743.666666666,60.71666666666666,9145511.166666666,58.41666666666668,363232.5,3.816666666666667,19453561.0,1490678.5,0
330,North Carolina,2010,37.0,7295064.833333332,4632281.916666667,63.49999999999999,4135929.75,56.69166666666666,496352.16666666674,10.716666666666667,9574323.0,433916.7,0
331,North Carolina,2011,37.0,7416868.416666668,4657680.5,62.81666666666666,4180980.833333334,56.39166666666667,476699.66666666674,10.233333333333333,9657592.0,438423.4,0
332,North Carolina,2012,37.0,7504450.416666668,4719445.583333333,62.88333333333333,4270977.333333333,56.90833333333334,448468.25,9.516666666666667,9749476.0,439539.7,0
333,North Carolina,2013,37.0,7595424.333333332,4701307.25,61.89166666666668,4337101.416666667,57.100000000000016,364205.83333333326,7.7333333333333325,9843336.0,445109.6,0
334,North Carolina,2014,37.0,7688413.083333332,4698854.666666667,61.100000000000016,4411455.666666667,57.38333333333333,287399.0,6.108333333333333,9932887.0,455295.7,0
335,North Carolina,2015,37.0,7792798.5,4763512.5,61.13333333333333,4494238.25,57.69166666666666,269274.25,5.658333333333334,10031646.0,469535.6,0
336,North Carolina,2016,37.0,7911793.5,4845051.833333333,61.24166666666667,4598261.416666667,58.10833333333335,246790.41666666663,5.1000000000000005,10154788.0,477523.8,0
337,North Carolina,2017,37.0,8031142.583333332,4928318.333333333,61.36666666666667,4705461.166666667,58.6,222857.16666666663,4.533333333333332,10268233.0,489026.6,0
338,North Carolina,2018,37.0,8144873.25,4987678.833333333,61.21666666666667,4786775.0,58.775,200903.8333333333,4.025,10381615.0,501955.0,0
339,North Carolina,2019,37.0,8254606.25,5076700.416666667,61.5,4884959.833333333,59.18333333333332,191740.5833333333,3.7833333333333337,10488084.0,511539.9,0
340,North Dakota,2010,38.0,521041.5,379036.33333333326,72.75833333333333,365048.91666666674,70.07499999999999,13987.416666666664,3.691666666666667,674715.0,37974.9,0
341,North Dakota,2011,38.0,533219.5,387364.75,72.63333333333333,374404.16666666674,70.22500000000001,12960.583333333336,3.358333333333333,685225.0,42208.5,0
342,North Dakota,2012,38.0,544583.1666666665,395525.16666666674,72.63333333333333,383895.75,70.48333333333333,11629.416666666664,2.933333333333333,701176.0,51624.6,0
343,North Dakota,2013,38.0,558633.25,401527.66666666674,71.875,389943.66666666674,69.79166666666667,11584.0,2.891666666666666,722036.0,52385.5,0
344,North Dakota,2014,38.0,570412.75,409471.58333333326,71.8,398731.58333333326,69.89166666666668,10740.0,2.6166666666666667,737401.0,56554.6,0
345,North Dakota,2015,38.0,580163.25,410834.91666666674,70.83333333333333,399327.5,68.83333333333333,11507.416666666664,2.7833333333333337,754066.0,55067.4,0
346,North Dakota,2016,38.0,581105.9166666665,411871.83333333326,70.87499999999999,399099.25,68.68333333333334,12772.583333333336,3.1,754434.0,51137.3,0
347,North Dakota,2017,38.0,580727.8333333335,410957.58333333326,70.76666666666667,400009.83333333326,68.89999999999999,10947.75,2.6750000000000003,754942.0,51291.2,0
348,North Dakota,2018,38.0,581898.1666666665,407465.91666666674,70.02499999999999,397389.16666666674,68.3,10076.75,2.474999999999999,758080.0,53472.8,0
349,North Dakota,2019,38.0,583738.0,409390.83333333326,70.11666666666666,399904.0,68.51666666666667,9486.833333333334,2.308333333333333,762062.0,53930.2,0
350,Ohio,2010,39.0,8970327.166666666,5870336.25,65.44166666666666,5267297.083333333,58.70833333333334,603039.1666666665,10.266666666666667,11539336.0,520300.6,0
351,Ohio,2011,39.0,8996690.5,5774213.166666668,64.18333333333334,5264057.166666667,58.51666666666666,510156.0,8.816666666666666,11544663.0,536583.2,0
352,Ohio,2012,39.0,9023546.833333334,5712908.083333332,63.30833333333334,5289959.666666667,58.60833333333334,422948.41666666674,7.408333333333334,11548923.0,540882.4,0
353,Ohio,2013,39.0,9060001.75,5707086.75,62.99166666666667,5282928.166666667,58.29999999999999,424158.58333333326,7.458333333333332,11576684.0,550692.3,0
354,Ohio,2014,39.0,9097252.583333334,5712910.75,62.8,5381111.75,59.15000000000001,331799.0,5.800000000000002,11602700.0,571424.7,0
355,Ohio,2015,39.0,9127141.0,5712032.0,62.58333333333334,5429453.166666667,59.49166666666667,282578.83333333326,4.949999999999998,11617527.0,579943.2,0
356,Ohio,2016,39.0,9158367.5,5755683.5,62.84166666666666,5464299.833333333,59.66666666666668,291383.66666666674,5.075,11634370.0,585044.7,0
357,Ohio,2017,39.0,9192772.333333334,5795194.166666668,63.03333333333333,5507468.25,59.89166666666667,287725.91666666674,4.966666666666667,11659650.0,592725.7,0
358,Ohio,2018,39.0,9218324.666666666,5791619.25,62.81666666666667,5530549.083333333,60.00833333333335,261070.16666666663,4.5,11676341.0,606141.5,0
359,Ohio,2019,39.0,9242777.916666666,5842907.583333332,63.21666666666667,5598818.0,60.575,244089.58333333328,4.166666666666667,11689100.0,615474.4,0
360,Oklahoma,2010,40.0,2832709.5,1764990.75,62.3,1650387.75,58.25833333333335,114603.0,6.499999999999999,3759944.0,159534.9,0
361,Oklahoma,2011,40.0,2867950.666666666,1767018.5,61.625,1668288.666666667,58.15000000000001,98729.83333333331,5.591666666666668,3788379.0,165209.7,0
362,Oklahoma,2012,40.0,2894376.666666666,1795152.75,62.03333333333334,1703740.0,58.87499999999999,91412.75,5.116666666666667,3818814.0,173238.8,0
363,Oklahoma,2013,40.0,2921036.583333333,1800031.416666667,61.625,1707841.0,58.48333333333334,92190.41666666669,5.116666666666667,3853214.0,176862.6,0
364,Oklahoma,2014,40.0,2945666.25,1798113.416666667,61.05,1720084.833333333,58.40833333333333,78028.58333333331,4.333333333333334,3878187.0,186307.0,0
365,Oklahoma,2015,40.0,2971677.416666666,1828996.083333333,61.55833333333333,1750532.416666667,58.90833333333334,78463.66666666669,4.291666666666665,3909500.0,193237.7,0
366,Oklahoma,2016,40.0,2990341.416666666,1827952.75,61.125,1742989.416666667,58.30000000000001,84963.33333333331,4.658333333333334,3926331.0,188063.3,0
367,Oklahoma,2017,40.0,3000660.666666666,1831637.583333333,61.05000000000001,1757851.583333333,58.58333333333332,73786.0,4.033333333333332,3931316.0,188157.2,0
368,Oklahoma,2018,40.0,3012465.666666666,1838239.083333333,61.01666666666667,1778087.5,59.00833333333333,60151.58333333334,3.266666666666667,3940235.0,193204.7,0
369,Oklahoma,2019,40.0,3031285.083333333,1845652.833333333,60.89166666666666,1788609.916666667,59.0,57042.91666666666,3.0916666666666672,3956971.0,197900.4,0
370,Oregon,2010,41.0,3034354.25,1991085.333333333,65.61666666666669,1778161.583333333,58.6,212923.75,10.691666666666665,3837491.0,169013.8,0
371,Oregon,2011,41.0,3066900.666666666,1995729.166666667,65.06666666666666,1804098.666666667,58.83333333333334,191630.5,9.608333333333333,3872036.0,173881.1,0
372,Oregon,2012,41.0,3098060.666666666,1964763.5,63.43333333333334,1791561.166666667,57.83333333333334,173202.33333333337,8.808333333333332,3899001.0,174427.6,0
373,Oregon,2013,41.0,3126399.416666666,1925208.833333333,61.58333333333332,1775947.916666667,56.80833333333333,149260.91666666663,7.750000000000001,3922468.0,175811.6,0
374,Oregon,2014,41.0,3164438.583333333,1949607.083333333,61.60833333333334,1820209.083333333,57.49999999999999,129398.0,6.6416666666666675,3963244.0,181754.9,0
375,Oregon,2015,41.0,3214602.833333333,1979732.166666667,61.58333333333334,1871781.583333333,58.20833333333334,107950.58333333331,5.466666666666666,4015792.0,191864.2,0
376,Oregon,2016,41.0,3279334.833333333,2042641.0,62.29166666666668,1945674.75,59.325,96966.25,4.749999999999999,4089976.0,201059.5,0
377,Oregon,2017,41.0,3332974.083333333,2081388.0,62.45833333333334,1996917.916666667,59.91666666666668,84470.08333333331,4.050000000000002,4143625.0,209581.3,0
378,Oregon,2018,41.0,3372624.5,2087671.583333333,61.90833333333333,2003880.0,59.40833333333333,83791.58333333331,4.008333333333334,4181886.0,219279.9,0
379,Oregon,2019,41.0,3408878.083333333,2106447.666666666,61.79166666666668,2028338.416666667,59.50833333333333,78109.25,3.7083333333333326,4217737.0,225336.8,0
380,Pennsylvania,2010,42.0,10049131.333333334,6358834.166666668,63.29166666666668,5839354.583333332,58.10833333333334,519479.58333333326,8.166666666666666,12711160.0,622140.0,0
381,Pennsylvania,2011,42.0,10119106.166666666,6380658.083333332,63.05000000000001,5886082.75,58.17499999999999,494575.33333333326,7.741666666666666,12745815.0,630906.6,0
382,Pennsylvania,2012,42.0,10156562.083333334,6449656.666666668,63.50833333333336,5955823.666666668,58.64166666666666,493833.0,7.658333333333334,12767118.0,640663.1,0
383,Pennsylvania,2013,42.0,10181063.916666666,6421174.166666668,63.06666666666667,5964327.583333332,58.59166666666667,456846.58333333326,7.1000000000000005,12776309.0,650802.3,0
384,Pennsylvania,2014,42.0,10205655.833333334,6388979.75,62.60833333333334,6009665.25,58.89166666666668,379314.5,5.933333333333334,12788313.0,666555.8,0
385,Pennsylvania,2015,42.0,10218362.833333334,6423541.583333332,62.875,6077358.0,59.475,346183.58333333326,5.391666666666667,12784826.0,682527.0,0
386,Pennsylvania,2016,42.0,10232466.25,6459696.333333332,63.11666666666667,6114930.5,59.75833333333333,344765.83333333326,5.341666666666665,12782275.0,691316.2,0
387,Pennsylvania,2017,42.0,10250195.166666666,6420766.916666668,62.65,6101203.5,59.53333333333333,319563.41666666674,4.966666666666666,12787641.0,695560.8,0
388,Pennsylvania,2018,42.0,10267173.916666666,6432203.75,62.64166666666666,6145703.166666668,59.85,286500.58333333326,4.4833333333333325,12800922.0,708856.9,0
389,Pennsylvania,2019,42.0,10275433.583333334,6495965.166666668,63.20833333333334,6206733.083333332,60.4,289232.08333333326,4.45,12801989.0,726165.9,0
390,Rhode Island,2010,44.0,842734.75,571356.0,67.78333333333333,504971.08333333326,59.925,66384.91666666669,11.625,1053959.0,51364.7,0
391,Rhode Island,2011,44.0,844462.75,561981.75,66.55,500062.66666666674,59.20833333333334,61919.08333333334,11.016666666666666,1053649.0,51262.8,0
392,Rhode Island,2012,44.0,848000.5,560313.75,66.07499999999999,502979.5,59.31666666666666,57334.25,10.216666666666663,1054621.0,51607.4,0
393,Rhode Island,2013,44.0,850781.75,558853.1666666665,65.675,505935.91666666674,59.45833333333332,52917.25,9.475,1055081.0,51679.0,0
394,Rhode Island,2014,44.0,853716.0,556750.8333333335,65.23333333333335,513502.5,60.15000000000001,43248.333333333336,7.7666666666666675,1055936.0,52005.5,0
395,Rhode Island,2015,44.0,855938.4166666665,555146.6666666665,64.875,521712.41666666674,60.94999999999999,33434.25,6.025,1056065.0,52957.8,0
396,Rhode Island,2016,44.0,858158.5833333335,553420.5,64.5,524505.8333333335,61.11666666666667,28914.66666666667,5.241666666666666,1056770.0,53030.2,0
397,Rhode Island,2017,44.0,859650.3333333335,555791.3333333335,64.68333333333335,530753.4166666665,61.74166666666668,25037.91666666667,4.491666666666666,1055673.0,52727.7,0
398,Rhode Island,2018,44.0,862003.5833333335,558215.6666666665,64.75833333333334,535490.9166666665,62.12500000000001,22724.75,4.0666666666666655,1058287.0,53135.5,0
399,Rhode Island,2019,44.0,863123.9166666665,558730.3333333335,64.75,538563.6666666665,62.40833333333334,20166.666666666668,3.6083333333333343,1059361.0,53668.0,0
400,South Carolina,2010,45.0,3564618.833333333,2173901.333333333,60.99999999999999,1928271.583333333,54.08333333333334,245629.75,11.3,4635649.0,170151.9,0
401,South Carolina,2011,45.0,3612048.083333334,2185411.583333333,60.49166666666667,1957392.833333333,54.19166666666666,228018.75,10.45,4671994.0,174119.1,0
402,South Carolina,2012,45.0,3655515.0,2190562.166666666,59.92499999999998,1993104.333333333,54.54166666666666,197457.8333333333,9.033333333333333,4717354.0,175328.5,0
403,South Carolina,2013,45.0,3704280.833333334,2198241.833333333,59.35,2035002.75,54.93333333333334,163239.08333333337,7.425,4764080.0,178757.4,0
404,South Carolina,2014,45.0,3759001.5,2222606.916666666,59.125,2082929.25,55.41666666666666,139677.66666666663,6.275000000000001,4823617.0,183579.7,0
405,South Carolina,2015,45.0,3822409.0,2268262.0,59.34166666666668,2134595.5,55.85,133666.5,5.900000000000001,4891938.0,190294.1,0
406,South Carolina,2016,45.0,3888005.083333334,2286257.416666666,58.79166666666666,2174080.75,55.92499999999999,112176.66666666669,4.916666666666667,4957968.0,196477.4,0
407,South Carolina,2017,45.0,3949691.333333334,2297098.0,58.149999999999984,2200717.833333333,55.71666666666667,96380.16666666669,4.2,5021268.0,202644.5,0
408,South Carolina,2018,45.0,4007632.166666666,2320515.75,57.90000000000001,2241867.5,55.94166666666666,78648.25,3.391666666666667,5084156.0,209012.5,0
409,South Carolina,2019,45.0,4068923.0,2367495.666666666,58.19999999999999,2302474.916666666,56.58333333333334,65020.75,2.75,5148714.0,214933.7,0
410,South Dakota,2010,46.0,619307.3333333335,443634.75,71.62499999999999,421839.25,68.10833333333333,21795.5,4.908333333333332,816166.0,40367.3,1
411,South Dakota,2011,46.0,623837.5833333335,445800.08333333326,71.46666666666665,425327.66666666674,68.16666666666669,20472.416666666668,4.6,823579.0,42947.2,1
412,South Dakota,2012,46.0,631724.0,447123.58333333326,70.7666666666667,428999.91666666674,67.89166666666667,18123.666666666668,4.058333333333334,833566.0,43550.7,1
413,South Dakota,2013,46.0,638676.0833333335,447595.58333333326,70.07499999999999,431002.33333333326,67.49999999999999,16593.25,3.7,842316.0,43737.7,1
414,South Dakota,2014,46.0,643820.25,450719.75,70.025,435727.5,67.67499999999998,14992.25,3.333333333333334,849129.0,44449.7,1
415,South Dakota,2015,46.0,648268.0833333335,453123.83333333326,69.89166666666667,439347.08333333326,67.76666666666668,13776.75,3.0500000000000003,853988.0,45371.8,1
416,South Dakota,2016,46.0,654760.1666666665,455103.16666666674,69.50833333333334,441364.66666666674,67.425,13738.5,3.016666666666667,862996.0,45733.6,1
417,South Dakota,2017,46.0,662065.1666666665,456795.75,68.99999999999999,442630.75,66.85833333333333,14165.0,3.108333333333334,872868.0,46023.9,1
418,South Dakota,2018,46.0,667483.5833333335,458909.41666666674,68.75833333333334,445625.08333333326,66.77500000000002,13284.333333333336,2.8833333333333333,878698.0,47287.0,1
419,South Dakota,2019,46.0,674092.1666666665,463212.83333333326,68.70833333333333,449402.08333333326,66.65833333333336,13810.75,2.983333333333333,884659.0,47559.7,1
420,Tennessee,2010,47.0,4925389.5,3093425.916666666,62.80833333333332,2789762.583333333,56.649999999999984,303663.33333333326,9.825,6355311.0,266473.5,0
421,Tennessee,2011,47.0,4973466.083333333,3116957.0,62.68333333333334,2832976.333333333,56.95833333333332,283980.66666666674,9.108333333333333,6399291.0,274626.7,0
422,Tennessee,2012,47.0,5020351.083333333,3096360.25,61.68333333333334,2849574.25,56.76666666666666,246786.0,7.958333333333332,6453898.0,283482.0,0
423,Tennessee,2013,47.0,5064574.833333333,3079368.416666666,60.80833333333334,2841454.5,56.11666666666667,237913.91666666663,7.724999999999999,6494340.0,287259.0,0
424,Tennessee,2014,47.0,5109856.0,3043608.0,59.56666666666666,2842363.916666666,55.63333333333333,201244.0833333333,6.6000000000000005,6541223.0,291661.7,0
425,Tennessee,2015,47.0,5159198.5,3074389.833333333,59.6,2903377.75,56.28333333333333,171012.08333333337,5.566666666666666,6591170.0,302970.2,0
426,Tennessee,2016,47.0,5213936.333333333,3136741.833333333,60.16666666666666,2987419.916666666,57.29166666666666,149321.91666666663,4.758333333333332,6646010.0,308157.4,0
427,Tennessee,2017,47.0,5272141.833333333,3187010.166666666,60.45,3067995.75,58.2,119014.41666666669,3.7416666666666663,6708799.0,314849.9,0
428,Tennessee,2018,47.0,5328151.583333333,3251397.666666666,61.01666666666667,3138010.833333333,58.9,113386.83333333331,3.483333333333333,6771631.0,323316.8,0
429,Tennessee,2019,47.0,5381079.416666667,3329012.5,61.87499999999999,3216761.5,59.775,112251.0,3.375,6829174.0,328406.3,0
430,Texas,2010,48.0,18567149.33333333,12258425.083333336,66.02499999999999,11255545.25,60.63333333333335,1002879.8333333335,8.191666666666666,25241971.0,1301808.3,0
431,Texas,2011,48.0,18967567.75,12500076.25,65.90833333333333,11498484.166666664,60.61666666666667,1001592.0833333335,8.016666666666666,25645629.0,1343700.8,0
432,Texas,2012,48.0,19328315.416666668,12641404.416666664,65.40833333333332,11795768.916666664,61.04166666666668,845635.5,6.708333333333332,26084481.0,1410447.8,0
433,Texas,2013,48.0,19686190.58333333,12833157.666666664,65.2,12025234.166666664,61.07500000000002,807923.5,6.3,26480266.0,1470464.6,0
434,Texas,2014,48.0,20086438.0,13006807.666666664,64.75000000000001,12333298.416666664,61.4,673509.25,5.191666666666666,26964333.0,1518613.7,0
435,Texas,2015,48.0,20509246.666666668,13091904.333333336,63.85,12506142.416666664,60.97499999999999,585761.9166666665,4.483333333333333,27470056.0,1595969.5,0
436,Texas,2016,48.0,20905006.58333333,13348141.25,63.84999999999999,12727661.833333336,60.899999999999984,620479.4166666665,4.65,27914410.0,1606579.8,0
437,Texas,2017,48.0,21256511.916666668,13572513.666666664,63.84999999999999,12983154.583333336,61.07500000000002,589359.0833333335,4.341666666666668,28295273.0,1651329.5,0
438,Texas,2018,48.0,21581146.25,13811799.25,64.00833333333334,13273001.75,61.50833333333333,538797.5,3.8916666666666657,28628666.0,1715231.0,0
439,Texas,2019,48.0,21930836.916666668,14036841.916666664,64.00833333333334,13542495.25,61.75,494346.66666666674,3.5083333333333333,28995881.0,1764357.2,0
440,Utah,2010,49.0,1970916.166666667,1350136.916666667,68.51666666666667,1242989.083333333,63.09166666666666,107147.83333333331,7.933333333333334,2775332.0,123476.3,0
441,Utah,2011,49.0,1991464.75,1341435.416666667,67.375,1246716.083333333,62.60833333333333,94719.33333333331,7.058333333333334,2814384.0,127216.9,0
442,Utah,2012,49.0,2025839.583333333,1348660.083333333,66.575,1284264.333333333,63.375,64395.75,4.775000000000001,2853375.0,128764.2,0
443,Utah,2013,49.0,2063004.5,1386251.166666667,67.19166666666665,1327893.166666667,64.37500000000001,58358.0,4.208333333333333,2897640.0,132169.1,0
444,Utah,2014,49.0,2099304.083333333,1415850.5,67.45,1364381.583333333,64.98333333333333,51468.91666666666,3.6333333333333337,2936879.0,136325.2,0
445,Utah,2015,49.0,2140901.0,1453624.333333333,67.88333333333333,1402169.833333333,65.48333333333333,51454.5,3.5083333333333333,2981835.0,141602.0,0
446,Utah,2016,49.0,2193627.083333333,1500217.916666667,68.39166666666667,1449932.083333333,66.09166666666667,50285.83333333334,3.350000000000001,3041868.0,147555.5,0
447,Utah,2017,49.0,2248018.083333333,1545236.166666667,68.74166666666667,1496614.75,66.59166666666667,48621.41666666666,3.1583333333333337,3101042.0,153986.0,0
448,Utah,2018,49.0,2298931.666666666,1573599.75,68.44999999999997,1527624.583333333,66.44999999999999,45975.16666666666,2.916666666666666,3153550.0,162574.4,0
449,Utah,2019,49.0,2349755.416666666,1609374.0,68.50000000000001,1568561.25,66.75833333333333,40812.75,2.541666666666666,3205958.0,168792.7,0
450,Vermont,2010,50.0,507844.75,359711.66666666674,70.83333333333334,336989.75,66.35833333333333,22721.91666666667,6.316666666666666,625879.0,28116.1,0
451,Vermont,2011,50.0,510271.58333333326,357624.16666666674,70.1,337724.16666666674,66.19166666666668,19900.0,5.566666666666667,627049.0,28732.9,0
452,Vermont,2012,50.0,511491.66666666674,353974.0,69.19166666666666,336951.58333333326,65.86666666666666,17022.416666666668,4.816666666666666,626090.0,28893.6,0
453,Vermont,2013,50.0,512771.16666666674,350255.83333333326,68.30000000000001,334797.5,65.30833333333335,15458.333333333336,4.416666666666666,626210.0,28367.9,0
454,Vermont,2014,50.0,513649.25,348750.66666666674,67.89999999999999,334805.33333333326,65.20000000000002,13945.333333333336,3.9916666666666663,625214.0,28510.1,0
455,Vermont,2015,50.0,514883.91666666674,346507.58333333326,67.30833333333332,334254.91666666674,64.91666666666667,12252.666666666664,3.5333333333333328,625216.0,28876.6,0
456,Vermont,2016,50.0,515410.33333333326,345856.0,67.09166666666668,335021.66666666674,64.97500000000001,10834.333333333334,3.1250000000000004,623657.0,29206.3,0
457,Vermont,2017,50.0,516610.83333333326,347080.41666666674,67.19166666666668,336618.75,65.15,10461.666666666666,3.016666666666666,624344.0,29312.4,0
458,Vermont,2018,50.0,517437.41666666674,346733.25,67.01666666666667,337624.0,65.24166666666669,9109.25,2.641666666666667,624358.0,29565.4,0
459,Vermont,2019,50.0,518183.0,344309.0,66.44166666666666,336376.16666666674,64.90833333333332,7932.833333333332,2.308333333333333,623989.0,29806.2,0
460,Virginia,2010,51.0,6144282.75,4163300.5,67.76666666666667,3859241.666666666,62.80833333333334,304058.83333333326,7.291666666666668,8023699.0,437964.5,0
461,Virginia,2011,51.0,6243509.25,4204664.583333333,67.35833333333333,3928555.75,62.9,276108.83333333326,6.541666666666668,8101155.0,442260.6,0
462,Virginia,2012,51.0,6319656.916666668,4218174.5,66.75000000000001,3967462.666666666,62.78333333333333,250711.83333333328,5.95,8185080.0,445120.7,0
463,Virginia,2013,51.0,6383104.083333332,4239442.0,66.42499999999998,4003367.0,62.70833333333334,236075.0,5.550000000000002,8252427.0,446625.0,0
464,Virginia,2014,51.0,6441177.166666668,4258966.0,66.10000000000001,4040986.75,62.74166666666667,217979.25,5.116666666666666,8310993.0,446790.6,0
465,Virginia,2015,51.0,6495053.0,4233488.333333333,65.175,4048007.333333334,62.34166666666666,185481.0,4.366666666666666,8361808.0,455830.0,0
466,Virginia,2016,51.0,6543547.833333332,4254961.25,65.025,4085049.166666666,62.44166666666667,169912.08333333337,4.000000000000001,8410106.0,460185.0,0
467,Virginia,2017,51.0,6598384.166666668,4333468.333333333,65.66666666666667,4174511.166666666,63.25833333333333,158957.16666666663,3.6666666666666665,8463587.0,468125.4,0
468,Virginia,2018,51.0,6640123.166666668,4361199.666666667,65.68333333333334,4232304.083333333,63.73333333333334,128895.58333333331,2.95,8501286.0,478835.0,0
469,Virginia,2019,51.0,6685066.583333332,4426877.0,66.225,4308789.583333333,64.45,118087.41666666669,2.6666666666666665,8535519.0,489168.4,0
470,Washington,2010,53.0,5245864.25,3457981.916666666,65.89999999999999,3142072.166666666,59.90833333333334,315909.75,9.133333333333333,6742830.0,381512.8,0
471,Washington,2011,53.0,5311367.416666667,3438842.25,64.74166666666666,3145574.333333333,59.225,293267.91666666674,8.525,6826627.0,388099.0,0
472,Washington,2012,53.0,5380521.416666667,3467973.75,64.45,3202465.75,59.52500000000001,265508.0,7.6416666666666675,6897058.0,400623.3,0
473,Washington,2013,53.0,5441679.666666667,3460668.083333333,63.6,3231662.25,59.40833333333333,229005.83333333328,6.633333333333334,6963985.0,411468.9,0
474,Washington,2014,53.0,5522477.333333333,3494823.916666666,63.26666666666666,3287769.333333333,59.54166666666666,207054.5833333333,5.925,7054655.0,426481.6,0
475,Washington,2015,53.0,5619382.583333333,3555226.416666666,63.26666666666667,3362233.583333333,59.825,192992.8333333333,5.433333333333333,7163657.0,446628.3,0
476,Washington,2016,53.0,5731878.0,3649332.666666666,63.66666666666666,3459286.75,60.35,190045.91666666663,5.2250000000000005,7294771.0,463974.0,0
477,Washington,2017,53.0,5843987.583333332,3724839.5,63.72499999999999,3552827.416666666,60.79166666666665,172012.08333333337,4.625000000000001,7423362.0,489435.0,0
478,Washington,2018,53.0,5936362.166666668,3811658.25,64.20833333333333,3644475.916666666,61.38333333333333,167182.33333333337,4.383333333333334,7523869.0,524486.9,0
479,Washington,2019,53.0,6020891.166666668,3910076.333333334,64.94166666666668,3747728.333333334,62.24166666666667,162348.0,4.158333333333333,7614893.0,548686.7,0
480,West Virginia,2010,54.0,1476456.666666667,809945.0833333335,54.85833333333333,740003.25,50.12499999999999,69941.83333333331,8.633333333333331,1854239.0,68474.0,1
481,West Virginia,2011,54.0,1486488.083333333,806350.25,54.25,743259.1666666665,49.99166666666667,63091.08333333334,7.825,1856301.0,69577.2,1
482,West Virginia,2012,54.0,1488021.5,808226.75,54.30833333333333,749685.5833333335,50.375,58541.16666666666,7.258333333333333,1856872.0,69335.6,1
483,West Virginia,2013,54.0,1487022.583333333,799661.1666666665,53.78333333333334,745972.25,50.15,53688.91666666666,6.716666666666668,1853914.0,70121.2,1
484,West Virginia,2014,54.0,1484923.0,795676.0833333335,53.57500000000001,743891.0,50.09166666666668,51785.08333333334,6.5,1849489.0,69720.7,1
485,West Virginia,2015,54.0,1480493.0,791617.6666666665,53.46666666666666,739529.8333333335,49.95833333333332,52087.83333333334,6.583333333333335,1842050.0,70332.7,1
486,West Virginia,2016,54.0,1474039.5,785058.5833333335,53.25833333333335,737157.8333333335,50.00833333333333,47900.75,6.091666666666666,1831023.0,69276.4,1
487,West Virginia,2017,54.0,1464847.416666667,783679.9166666665,53.49999999999999,742700.6666666665,50.69166666666666,40979.25,5.225,1817004.0,69743.2,1
488,West Virginia,2018,54.0,1456176.666666667,793416.6666666665,54.48333333333335,752094.4166666665,51.65,41322.25,5.2,1804291.0,71858.7,1
489,West Virginia,2019,54.0,1449721.083333333,798390.0833333335,55.05833333333334,759268.0,52.36666666666667,39122.083333333336,4.9,1792147.0,72340.4,1
490,Wisconsin,2010,55.0,4435706.333333333,3082060.833333333,69.50833333333334,2820629.833333333,63.58333333333334,261431.0,8.5,5690475.0,265116.5,0
491,Wisconsin,2011,55.0,4457584.0,3071377.333333333,68.89999999999999,2839578.583333333,63.7,231798.75,7.533333333333334,5705288.0,270666.3,0
492,Wisconsin,2012,55.0,4480828.25,3070073.583333333,68.52499999999999,2857314.0,63.774999999999984,212759.5833333333,6.925,5719960.0,274540.5,0
493,Wisconsin,2013,55.0,4504761.166666667,3077898.083333333,68.30833333333334,2873366.083333333,63.79166666666666,204532.0,6.6416666666666675,5736754.0,275648.7,0
494,Wisconsin,2014,55.0,4526944.666666667,3077935.583333333,67.99166666666666,2913619.166666666,64.35000000000001,164316.41666666663,5.3500000000000005,5751525.0,282031.2,0
495,Wisconsin,2015,55.0,4545551.5,3084137.916666666,67.84166666666665,2947649.333333333,64.85000000000001,136488.58333333337,4.425,5760940.0,288260.1,0
496,Wisconsin,2016,55.0,4566315.083333333,3110442.666666666,68.125,2988620.833333333,65.45,121821.83333333331,3.908333333333333,5772628.0,291320.5,0
497,Wisconsin,2017,55.0,4589356.916666667,3122091.0,68.05,3020272.666666666,65.80833333333332,101818.33333333331,3.266666666666667,5790186.0,294151.7,0
498,Wisconsin,2018,55.0,4611382.583333333,3106301.666666666,67.35833333333333,3012485.833333333,65.325,93815.83333333331,3.0083333333333333,5807406.0,303767.4,0
499,Wisconsin,2019,55.0,4634173.0,3094519.083333333,66.775,2993200.583333333,64.59166666666667,101318.5,3.274999999999999,5822434.0,308044.7,0
500,Wyoming,2010,56.0,430897.16666666674,301903.16666666674,70.075,280956.41666666674,65.225,20946.75,6.9416666666666655,564487.0,39842.9,0
501,Wyoming,2011,56.0,437131.75,302860.33333333326,69.27499999999999,284260.33333333326,65.02500000000002,18600.0,6.133333333333333,567299.0,39440.3,0
502,Wyoming,2012,56.0,443927.91666666674,303803.16666666674,68.425,287142.25,64.675,16660.916666666668,5.5,576305.0,38437.7,0
503,Wyoming,2013,56.0,448554.33333333326,302209.41666666674,67.36666666666669,287870.41666666674,64.18333333333334,14339.0,4.733333333333333,582122.0,38523.2,0
504,Wyoming,2014,56.0,449699.5,302865.08333333326,67.35833333333333,289698.58333333326,64.425,13166.5,4.341666666666666,582531.0,38711.1,0
505,Wyoming,2015,56.0,451235.16666666674,301676.75,66.83333333333334,288926.91666666674,64.03333333333333,12749.833333333336,4.208333333333333,585613.0,39899.0,0
506,Wyoming,2016,56.0,450991.58333333326,300464.41666666674,66.61666666666666,284449.75,63.05833333333332,16014.666666666664,5.333333333333333,584215.0,38079.7,0
507,Wyoming,2017,56.0,448911.66666666674,295905.5,65.90833333333333,283133.83333333326,63.07499999999999,12771.666666666664,4.308333333333334,578931.0,37866.3,0
508,Wyoming,2018,56.0,449204.66666666674,294850.75,65.64166666666667,282941.66666666674,62.98333333333334,11909.083333333336,4.025,577601.0,38696.3,0
509,Wyoming,2019,56.0,451410.41666666674,296318.91666666674,65.64166666666665,285305.5,63.20833333333334,11013.416666666664,3.733333333333334,578759.0,39214.0,0
