,State,Year,FIPS_Code,Civilian_Pop,Civilian_Labor_Force,Labor_Force_Pct,Employed_Total,Employed_Pct,Unemployed_Total,Unemployed_Rate
0,Alabama,2010,1.0,3690246.75,2196694.4166666665,59.50833333333335,1968756.75,53.341666666666676,227937.66666666666,10.374999999999998
1,Alabama,2011,1.0,3725084.6666666665,2201954.5,59.11666666666667,1991026.5833333333,53.45833333333332,210927.91666666666,9.583333333333334
2,Alabama,2012,1.0,3745692.5833333335,2179074.9166666665,58.16666666666668,2001117.5833333333,53.425000000000004,177957.33333333334,8.158333333333333
3,Alabama,2013,1.0,3765925.6666666665,2172942.4166666665,57.724999999999994,2013764.5,53.46666666666667,159177.91666666666,7.325
4,Alabama,2014,1.0,3783191.25,2164595.5,57.225,2018737.3333333333,53.36666666666667,145858.16666666666,6.733333333333333
5,Alabama,2015,1.0,3799373.0833333335,2152497.9166666665,56.65,2020763.4166666667,53.175000000000004,131734.5,6.125
6,Alabama,2016,1.0,3816952.75,2155751.4166666665,56.49166666666668,2028929.0,53.166666666666664,126822.41666666667,5.908333333333332
7,Alabama,2017,1.0,3834334.0833333335,2172487.8333333335,56.66666666666668,2073394.4166666667,54.083333333333336,99093.41666666667,4.583333333333333
8,Alabama,2018,1.0,3849182.9166666665,2206796.0833333335,57.32500000000001,2120340.5833333335,55.09166666666667,86455.5,3.9249999999999994
9,Alabama,2019,1.0,3865781.4166666665,2236923.9166666665,57.85833333333333,2169181.0833333335,56.11666666666667,67742.83333333333,3.0250000000000004
10,Alabama,2020,1.0,3881778.6666666665,2232153.8333333335,57.50833333333335,2098876.9166666665,54.083333333333336,133276.91666666666,6.000000000000001
11,Alabama,2021,1.0,3890500.0,2258073.0,58.0,2160347.0,55.5,97726.0,4.3
12,Alaska,2010,2.0,518526.5,361628.5833333333,69.74166666666666,332196.1666666667,64.06666666666665,29432.416666666668,8.133333333333333
13,Alaska,2011,2.0,528559.9166666666,364445.25,68.94166666666666,336210.5,63.60833333333334,28234.75,7.733333333333334
14,Alaska,2012,2.0,534987.25,364276.4166666667,68.07499999999999,337915.0,63.15833333333334,26361.416666666668,7.249999999999999
15,Alaska,2013,2.0,538481.6666666666,363638.4166666667,67.53333333333333,338208.75,62.791666666666686,25429.666666666668,6.991666666666667
16,Alaska,2014,2.0,540372.9166666666,364337.4166666667,67.41666666666667,339774.9166666667,62.87499999999998,24562.5,6.741666666666666
17,Alaska,2015,2.0,542685.0,362328.8333333333,66.75833333333334,339579.1666666667,62.57500000000001,22749.666666666668,6.275000000000001
18,Alaska,2016,2.0,546589.0833333334,362097.3333333333,66.25000000000001,338218.75,61.875,23878.583333333332,6.600000000000001
19,Alaska,2017,2.0,547514.75,361176.6666666667,65.95833333333333,337706.5833333333,61.68333333333333,23470.083333333332,6.500000000000001
20,Alaska,2018,2.0,546892.25,356193.75,65.13333333333333,334994.5,61.25833333333335,21199.25,5.933333333333333
21,Alaska,2019,2.0,546241.0,353869.5,64.77499999999999,334807.6666666667,61.291666666666664,19061.833333333332,5.391666666666666
22,Alaska,2020,2.0,545509.5833333334,347396.25,63.69166666666667,320078.75,58.66666666666668,27317.5,7.883333333333334
23,Alaska,2021,2.0,544894.0,354957.0,65.1,331374.0,60.8,23583.0,6.6
24,Arizona,2010,4.0,4896820.333333333,3096203.1666666665,63.23333333333333,2777583.5833333335,56.724999999999994,318619.5833333333,10.299999999999999
25,Arizona,2011,4.0,4926325.25,3051762.5833333335,61.96666666666667,2763680.3333333335,56.09166666666667,288082.25,9.433333333333332
26,Arizona,2012,4.0,5006637.5,3054799.0,61.01666666666666,2799914.75,55.92499999999998,254884.25,8.349999999999998
27,Arizona,2013,4.0,5085867.5,3064990.0833333335,60.26666666666667,2825940.5,55.558333333333344,239049.58333333334,7.816666666666666
28,Arizona,2014,4.0,5178007.75,3118415.5,60.225,2906136.0,56.116666666666674,212279.5,6.791666666666668
29,Arizona,2015,4.0,5276145.333333333,3185086.6666666665,60.35833333333332,2991341.0,56.691666666666656,193745.66666666666,6.074999999999999
30,Arizona,2016,4.0,5384441.5,3253953.6666666665,60.408333333333324,3075608.0833333335,57.12500000000001,178345.58333333334,5.483333333333333
31,Arizona,2017,4.0,5490864.416666667,3329352.4166666665,60.64166666666667,3164468.5,57.616666666666674,164883.91666666666,4.958333333333332
32,Arizona,2018,4.0,5603814.166666667,3428007.8333333335,61.15,3262880.1666666665,58.225,165127.66666666666,4.8166666666666655
33,Arizona,2019,4.0,5727527.0,3538631.6666666665,61.775,3366723.5,58.775,171908.16666666666,4.858333333333333
34,Arizona,2020,4.0,5860478.5,3570033.0,60.933333333333316,3287657.0833333335,56.1,282375.9166666667,7.908333333333332
35,Arizona,2021,4.0,5932506.0,3570652.0,60.2,3331280.0,56.2,239372.0,6.7
36,Arkansas,2010,5.0,2232732.1666666665,1353829.0,60.64166666666666,1247317.5,55.85833333333334,106511.5,7.858333333333334
37,Arkansas,2011,5.0,2254423.0833333335,1357541.4166666667,60.224999999999994,1250285.5833333333,55.46666666666666,107255.83333333333,7.908333333333334
38,Arkansas,2012,5.0,2266989.9166666665,1350276.6666666667,59.550000000000004,1252173.4166666667,55.25,98103.25,7.266666666666667
39,Arkansas,2013,5.0,2276881.6666666665,1331775.5,58.491666666666674,1237985.5833333333,54.366666666666674,93789.91666666667,7.041666666666668
40,Arkansas,2014,5.0,2287194.8333333335,1327892.9166666667,58.058333333333344,1249645.8333333333,54.64166666666667,78247.08333333333,5.8999999999999995
41,Arkansas,2015,5.0,2299074.0833333335,1339408.25,58.25833333333335,1273048.6666666667,55.383333333333326,66359.58333333333,4.949999999999999
42,Arkansas,2016,5.0,2312068.25,1344030.9166666667,58.125,1290424.5833333333,55.82500000000001,53606.333333333336,3.9833333333333325
43,Arkansas,2017,5.0,2324289.9166666665,1350010.75,58.083333333333336,1299503.5,55.916666666666664,50507.25,3.7416666666666654
44,Arkansas,2018,5.0,2334639.6666666665,1352720.5,57.949999999999996,1303276.5,55.81666666666667,49444.0,3.666666666666668
45,Arkansas,2019,5.0,2345716.25,1365119.0,58.19166666666666,1317100.5833333333,56.15833333333333,48018.416666666664,3.5083333333333333
46,Arkansas,2020,5.0,2358484.4166666665,1354332.75,57.43333333333333,1272210.3333333333,53.95000000000001,82122.41666666667,6.083333333333333
47,Arkansas,2021,5.0,2365706.0,1375953.0,58.2,1312417.0,55.5,63536.0,4.6
48,California,2010,6.0,28532316.333333332,18367201.333333332,64.375,16080104.333333334,56.35833333333333,2287097.0,12.458333333333336
49,California,2011,6.0,28952844.75,18405178.75,63.574999999999996,16218318.916666666,56.00833333333333,2186859.8333333335,11.891666666666666
50,California,2012,6.0,29295635.583333332,18488947.083333332,63.1,16543573.916666666,56.474999999999994,1945373.1666666667,10.525
51,California,2013,6.0,29626794.25,18568482.916666668,62.67499999999999,16892033.333333332,57.00833333333333,1676449.5833333333,9.033333333333335
52,California,2014,6.0,29962936.25,18677101.166666668,62.333333333333336,17264825.083333332,57.625,1412276.0833333333,7.566666666666666
53,California,2015,6.0,30283673.333333332,18824855.166666668,62.15833333333333,17649562.083333332,58.28333333333333,1175293.0833333333,6.2250000000000005
54,California,2016,6.0,30568838.916666668,19013906.5,62.19166666666667,17965090.916666668,58.76666666666666,1048815.5833333333,5.516666666666667
55,California,2017,6.0,30793963.75,19172103.666666668,62.25000000000001,18244669.25,59.24166666666665,927434.4166666666,4.841666666666668
56,California,2018,6.0,30951058.5,19263510.0,62.24166666666665,18440665.916666668,59.57500000000001,822844.0833333334,4.2749999999999995
57,California,2019,6.0,31043291.75,19353520.333333332,62.333333333333336,18551726.0,59.76666666666666,801794.3333333334,4.150000000000001
58,California,2020,6.0,31083627.416666668,18819488.5,60.550000000000004,16906706.5,54.4,1912782.0,10.216666666666667
59,California,2021,6.0,31093847.0,18668972.0,60.0,16988845.0,54.6,1680127.0,9.0
60,Colorado,2010,8.0,3869707.8333333335,2715095.25,70.14999999999999,2467390.4166666665,63.76666666666665,247704.83333333334,9.141666666666667
61,Colorado,2011,8.0,3925293.6666666665,2730173.1666666665,69.55,2493001.0833333335,63.51666666666667,237172.08333333334,8.691666666666666
62,Colorado,2012,8.0,3993645.4166666665,2750169.3333333335,68.87500000000001,2530540.5,63.349999999999994,219628.83333333334,8.0
63,Colorado,2013,8.0,4064988.9166666665,2766607.25,68.05833333333334,2580125.0833333335,63.46666666666666,186482.16666666666,6.75
64,Colorado,2014,8.0,4142393.25,2800294.5,67.60000000000001,2660999.5833333335,64.23333333333333,139294.91666666666,4.983333333333333
65,Colorado,2015,8.0,4233776.166666667,2825936.9166666665,66.73333333333333,2720563.5,64.26666666666667,105373.41666666667,3.741666666666666
66,Colorado,2016,8.0,4322567.5,2893958.5,66.93333333333332,2803216.6666666665,64.85000000000001,90741.83333333333,3.1333333333333333
67,Colorado,2017,8.0,4398712.75,2981915.4166666665,67.79166666666669,2903701.0833333335,66.01666666666665,78214.33333333333,2.6166666666666667
68,Colorado,2018,8.0,4476394.75,3071421.8333333335,68.60833333333333,2978243.25,66.525,93178.58333333333,3.0333333333333337
69,Colorado,2019,8.0,4547452.833333333,3126350.5,68.74999999999999,3043295.6666666665,66.925,83054.83333333333,2.6583333333333337
70,Colorado,2020,8.0,4610274.583333333,3121449.75,67.70833333333333,2894662.9166666665,62.78333333333333,226786.83333333334,7.283333333333335
71,Colorado,2021,8.0,4642794.0,3183214.0,68.6,2972258.0,64.0,210956.0,6.6
72,Connecticut,2010,9.0,2798201.25,1911229.4166666667,68.29166666666667,1728400.9166666667,61.775000000000006,182828.5,9.558333333333332
73,Connecticut,2011,9.0,2829089.4166666665,1914290.25,67.66666666666667,1741785.5833333333,61.54999999999999,172504.66666666666,9.016666666666666
74,Connecticut,2012,9.0,2845442.25,1888026.5,66.35000000000001,1730017.8333333333,60.79166666666668,158008.66666666666,8.358333333333333
75,Connecticut,2013,9.0,2856909.1666666665,1868150.0,65.39166666666667,1719711.3333333333,60.199999999999996,148438.66666666666,7.95
76,Connecticut,2014,9.0,2867359.5,1889095.0833333333,65.86666666666669,1764020.5833333333,61.51666666666668,125074.5,6.616666666666667
77,Connecticut,2015,9.0,2872221.6666666665,1892066.75,65.86666666666667,1785889.4166666667,62.16666666666668,106177.33333333333,5.616666666666666
78,Connecticut,2016,9.0,2874829.9166666665,1893437.1666666667,65.86666666666667,1801259.1666666667,62.65833333333333,92178.0,4.866666666666667
79,Connecticut,2017,9.0,2878966.8333333335,1902990.8333333333,66.11666666666666,1819099.6666666667,63.17499999999999,83891.16666666667,4.408333333333332
80,Connecticut,2018,9.0,2884472.8333333335,1905061.3333333333,66.05,1830545.9166666667,63.474999999999994,74515.41666666667,3.9166666666666665
81,Connecticut,2019,9.0,2884713.0833333335,1917382.6666666667,66.47500000000001,1848708.9166666667,64.075,68673.75,3.5916666666666672
82,Connecticut,2020,9.0,2883430.6666666665,1872598.0833333333,64.95833333333334,1724335.5,59.80000000000002,148262.58333333334,7.933333333333334
83,Connecticut,2021,9.0,2880415.0,1839774.0,63.9,1690533.0,58.7,149241.0,8.1
84,Delaware,2010,10.0,700897.5,436261.9166666667,62.24166666666665,398517.0833333333,56.866666666666674,37744.833333333336,8.658333333333335
85,Delaware,2011,10.0,711379.6666666666,443784.4166666667,62.36666666666667,410050.0833333333,57.650000000000006,33734.333333333336,7.608333333333334
86,Delaware,2012,10.0,719197.1666666666,446038.75,62.01666666666667,414521.3333333333,57.63333333333333,31517.416666666668,7.066666666666666
87,Delaware,2013,10.0,727677.1666666666,443691.3333333333,60.96666666666665,414377.8333333333,56.95833333333334,29313.5,6.608333333333332
88,Delaware,2014,10.0,737066.6666666666,452658.4166666667,61.40000000000001,427332.75,57.974999999999994,25325.666666666668,5.608333333333333
89,Delaware,2015,10.0,746042.75,462843.5833333333,62.04166666666668,440695.9166666667,59.06666666666666,22147.666666666668,4.791666666666668
90,Delaware,2016,10.0,754335.0,468969.25,62.15833333333334,447725.3333333333,59.35,21243.916666666668,4.525000000000001
91,Delaware,2017,10.0,762483.5833333334,475688.5833333333,62.39166666666666,454530.75,59.61666666666665,21157.833333333332,4.449999999999999
92,Delaware,2018,10.0,771179.3333333334,481142.5,62.39166666666666,463330.5,60.07500000000001,17812.0,3.7000000000000006
93,Delaware,2019,10.0,780804.4166666666,488062.5833333333,62.51666666666668,470239.0,60.20833333333334,17823.583333333332,3.6500000000000004
94,Delaware,2020,10.0,790877.5833333334,484205.0833333333,61.21666666666667,446323.1666666667,56.416666666666664,37881.916666666664,7.866666666666667
95,Delaware,2021,10.0,796235.0,487441.0,61.2,457972.0,57.5,29469.0,6.0
96,District of Columbia,2010,11.0,502916.75,346800.9166666667,68.975,312261.25,62.1,34539.666666666664,9.950000000000001
97,District of Columbia,2011,11.0,516883.5,352151.3333333333,68.13333333333334,316309.4166666667,61.18333333333333,35841.916666666664,10.191666666666668
98,District of Columbia,2012,11.0,528146.75,365128.6666666667,69.13333333333334,332328.4166666667,62.90833333333333,32800.25,8.975
99,District of Columbia,2013,11.0,538976.6666666666,374218.0,69.43333333333332,342636.5,63.566666666666656,31581.5,8.433333333333332
100,District of Columbia,2014,11.0,547902.0833333334,379819.0,69.30833333333332,350542.4166666667,63.991666666666674,29276.583333333332,7.708333333333333
101,District of Columbia,2015,11.0,557242.8333333334,388407.0,69.7,361555.75,64.88333333333334,26851.25,6.916666666666665
102,District of Columbia,2016,11.0,565140.3333333334,395268.5,69.94166666666668,370615.5833333333,65.56666666666668,24652.916666666668,6.233333333333333
103,District of Columbia,2017,11.0,571922.1666666666,403664.9166666667,70.59166666666667,378946.4166666667,66.26666666666667,24718.5,6.133333333333334
104,District of Columbia,2018,11.0,577254.8333333334,408137.9166666667,70.70833333333333,384869.0,66.68333333333334,23268.916666666668,5.7
105,District of Columbia,2019,11.0,580712.0,415212.5,71.48333333333333,393081.0833333333,67.68333333333334,22131.416666666668,5.325
106,District of Columbia,2020,11.0,583602.0,409206.3333333333,70.10000000000001,376341.5833333333,64.48333333333333,32864.75,8.066666666666666
107,District of Columbia,2021,11.0,584492.0,409164.0,70.0,374799.0,64.1,34365.0,8.4
108,Florida,2010,12.0,14940260.333333334,9146222.583333334,61.225000000000016,8156247.916666667,54.59166666666667,989974.6666666666,10.824999999999998
109,Florida,2011,12.0,15209662.583333334,9260509.083333334,60.88333333333335,8333318.833333333,54.78333333333333,927190.25,10.0
110,Florida,2012,12.0,15438000.833333334,9337584.5,60.48333333333333,8529774.083333334,55.25,807810.4166666666,8.666666666666666
111,Florida,2013,12.0,15672641.833333334,9417333.833333334,60.099999999999994,8708972.583333334,55.558333333333344,708361.25,7.533333333333332
112,Florida,2014,12.0,15947213.5,9546102.5,59.86666666666667,8931062.166666666,56.00833333333335,615040.3333333334,6.433333333333333
113,Florida,2015,12.0,16266345.333333334,9640779.416666666,59.26666666666668,9108452.833333334,56.00833333333333,532326.5833333334,5.5249999999999995
114,Florida,2016,12.0,16616128.583333334,9842511.833333334,59.24166666666665,9360140.666666666,56.34166666666667,482371.1666666667,4.916666666666665
115,Florida,2017,12.0,16933735.5,10031993.583333334,59.25000000000001,9605685.583333334,56.725,426308.0,4.25
116,Florida,2018,12.0,17192301.166666668,10165765.0,59.12500000000001,9797290.75,56.975,368474.25,3.625
117,Florida,2019,12.0,17420996.333333332,10331612.916666666,59.30833333333334,9992352.25,57.366666666666674,339260.6666666667,3.2916666666666674
118,Florida,2020,12.0,17647046.833333332,10116247.666666666,57.32500000000001,9328406.416666666,52.85833333333334,787841.25,7.8500000000000005
119,Florida,2021,12.0,17757100.0,10068788.0,56.7,9587056.0,54.0,481732.0,4.8
120,Georgia,2010,13.0,7322354.916666667,4708977.333333333,64.30000000000003,4207438.75,57.458333333333336,501538.5833333333,10.658333333333333
121,Georgia,2011,13.0,7381036.5,4739137.666666667,64.19999999999999,4258201.75,57.68333333333333,480935.9166666667,10.158333333333333
122,Georgia,2012,13.0,7476642.75,4771806.166666667,63.81666666666667,4340082.416666667,58.058333333333344,431723.75,9.041666666666668
123,Georgia,2013,13.0,7559402.083333333,4751345.5,62.85833333333332,4364851.833333333,57.75000000000001,386493.6666666667,8.141666666666667
124,Georgia,2014,13.0,7652862.083333333,4745980.916666667,62.025,4406892.166666667,57.59166666666667,339088.75,7.141666666666666
125,Georgia,2015,13.0,7762111.166666667,4734596.583333333,60.99166666666668,4447352.5,57.308333333333344,287244.0833333333,6.074999999999999
126,Georgia,2016,13.0,7885093.083333333,4921740.416666667,62.41666666666666,4653212.25,58.99166666666667,268528.1666666667,5.466666666666666
127,Georgia,2017,13.0,7995888.583333333,5106181.5,63.85833333333333,4862385.416666667,60.81666666666666,243796.08333333334,4.766666666666667
128,Georgia,2018,13.0,8097653.0,5117710.583333333,63.19999999999999,4911695.916666667,60.658333333333324,206014.66666666666,4.0249999999999995
129,Georgia,2019,13.0,8204250.083333333,5148909.75,62.758333333333326,4966879.416666667,60.54166666666666,182030.33333333334,3.5333333333333328
130,Georgia,2020,13.0,8297833.5,5068407.416666667,61.07500000000001,4738746.916666667,57.11666666666667,329660.5,6.55
131,Georgia,2021,13.0,8344325.0,5112468.0,61.3,4853894.0,58.2,258574.0,5.1
132,Hawaii,2010,15.0,1030161.9166666666,648396.1666666666,62.96666666666667,604129.4166666666,58.65833333333333,44266.75,6.824999999999999
133,Hawaii,2011,15.0,1055844.5,660465.0,62.56666666666666,615329.3333333334,58.275000000000006,45135.666666666664,6.833333333333333
134,Hawaii,2012,15.0,1065644.3333333333,650519.8333333334,61.050000000000004,612043.25,57.44166666666667,38476.583333333336,5.8999999999999995
135,Hawaii,2013,15.0,1074149.3333333333,651144.0833333334,60.616666666666674,620202.5833333334,57.73333333333334,30941.5,4.758333333333335
136,Hawaii,2014,15.0,1080244.8333333333,664112.5,61.48333333333334,635967.3333333334,58.866666666666674,28145.166666666668,4.233333333333333
137,Hawaii,2015,15.0,1086641.8333333333,670625.25,61.71666666666666,647695.5833333334,59.60833333333333,22929.666666666668,3.4166666666666665
138,Hawaii,2016,15.0,1093555.1666666667,679237.0,62.11666666666665,659616.6666666666,60.31666666666667,19620.333333333332,2.891666666666666
139,Hawaii,2017,15.0,1094637.4166666667,679733.8333333334,62.08333333333334,664699.4166666666,60.70833333333332,15034.416666666666,2.216666666666667
140,Hawaii,2018,15.0,1094299.1666666667,675013.25,61.69166666666666,659076.3333333334,60.225,15936.916666666666,2.3583333333333334
141,Hawaii,2019,15.0,1090890.1666666667,669270.0833333334,61.349999999999994,652922.0,59.849999999999994,16348.083333333334,2.4333333333333336
142,Hawaii,2020,15.0,1086402.75,648485.25,59.69166666666666,572809.3333333334,52.73333333333333,75675.91666666667,11.808333333333332
143,Hawaii,2021,15.0,1083148.0,655039.0,60.5,588061.0,54.3,66978.0,10.2
144,Idaho,2010,16.0,1165429.5,762158.6666666666,65.40833333333333,695375.5833333334,59.68333333333333,66783.08333333333,8.758333333333333
145,Idaho,2011,16.0,1179092.4166666667,764066.9166666666,64.8,701595.75,59.508333333333326,62471.166666666664,8.166666666666666
146,Idaho,2012,16.0,1193210.9166666667,772073.3333333334,64.70833333333333,715011.5833333334,59.908333333333324,57061.75,7.399999999999999
147,Idaho,2013,16.0,1208620.8333333333,777682.75,64.35,724710.75,59.96666666666667,52972.0,6.816666666666666
148,Idaho,2014,16.0,1226459.3333333333,777061.5,63.35833333333333,742988.1666666666,60.574999999999996,34073.333333333336,4.383333333333333
149,Idaho,2015,16.0,1246557.8333333333,794897.3333333334,63.78333333333331,764106.8333333334,61.29999999999998,30790.5,3.8666666666666654
150,Idaho,2016,16.0,1274369.5,813091.1666666666,63.808333333333344,783240.5,61.45833333333332,29850.666666666668,3.6750000000000003
151,Idaho,2017,16.0,1305332.0833333333,833816.5833333334,63.875,807516.9166666666,61.86666666666667,26299.666666666668,3.1583333333333337
152,Idaho,2018,16.0,1336010.5833333333,855275.6666666666,64.01666666666667,831154.25,62.225000000000016,24121.416666666668,2.8166666666666664
153,Idaho,2019,16.0,1370018.1666666667,879431.1666666666,64.18333333333332,855214.8333333334,62.425000000000004,24216.333333333332,2.7583333333333333
154,Idaho,2020,16.0,1406448.5833333333,891985.4166666666,63.416666666666664,844114.0833333334,60.008333333333326,47871.333333333336,5.374999999999999
155,Idaho,2021,16.0,1426574.0,900205.0,63.1,869162.0,60.9,31043.0,3.4
156,Illinois,2010,17.0,9905097.416666666,6609172.583333333,66.74166666666666,5916963.666666667,59.72499999999999,692208.9166666666,10.466666666666667
157,Illinois,2011,17.0,9949849.0,6568428.416666667,66.01666666666667,5927033.916666667,59.574999999999996,641394.5,9.758333333333335
158,Illinois,2012,17.0,9992929.916666666,6584903.916666667,65.88333333333333,5988960.666666667,59.92499999999999,595943.25,9.049999999999999
159,Illinois,2013,17.0,10027606.666666666,6558246.583333333,65.4,5963896.083333333,59.46666666666666,594350.5,9.075
160,Illinois,2014,17.0,10049203.5,6515400.5,64.83333333333334,6047928.0,60.175000000000004,467472.5,7.166666666666667
161,Illinois,2015,17.0,10052540.0,6512987.083333333,64.79166666666666,6121667.166666667,60.900000000000006,391319.9166666667,5.991666666666666
162,Illinois,2016,17.0,10048210.0,6558589.416666667,65.29166666666666,6172216.75,61.43333333333333,386372.6666666667,5.883333333333334
163,Illinois,2017,17.0,10040315.5,6484364.25,64.59166666666668,6163404.25,61.38333333333333,320960.0,4.949999999999999
164,Illinois,2018,17.0,10019477.916666666,6472940.5,64.60833333333335,6189232.5,61.775,283708.0,4.374999999999999
165,Illinois,2019,17.0,9996650.833333334,6445157.75,64.47500000000001,6189040.916666667,61.90833333333333,256116.83333333334,3.975
166,Illinois,2020,17.0,9959899.333333334,6251046.333333333,62.75833333333333,5657220.333333333,56.78333333333333,593826.0,9.549999999999999
167,Illinois,2021,17.0,9935021.0,6146616.0,61.9,5673631.0,57.1,472985.0,7.7
168,Indiana,2010,18.0,4962815.416666667,3175507.0,64.0,2855540.4166666665,57.53333333333334,319966.5833333333,10.083333333333334
169,Indiana,2011,18.0,5002729.333333333,3188446.9166666665,63.73333333333332,2904335.9166666665,58.041666666666664,284111.0,8.908333333333331
170,Indiana,2012,18.0,5032521.166666667,3173141.1666666665,63.04999999999999,2912230.3333333335,57.85833333333334,260910.83333333334,8.225000000000001
171,Indiana,2013,18.0,5064442.416666667,3192664.75,63.058333333333344,2953456.5833333335,58.31666666666666,239208.16666666666,7.5
172,Indiana,2014,18.0,5093836.5,3229212.75,63.39166666666666,3037398.0,59.633333333333326,191814.75,5.949999999999999
173,Indiana,2015,18.0,5117280.416666667,3266934.8333333335,63.84166666666666,3110406.5,60.775000000000006,156528.33333333334,4.783333333333334
174,Indiana,2016,18.0,5148021.583333333,3332067.9166666665,64.73333333333333,3186478.8333333335,61.89166666666667,145589.08333333334,4.366666666666666
175,Indiana,2017,18.0,5177520.916666667,3327035.25,64.24166666666667,3211099.9166666665,62.00833333333335,115935.33333333333,3.491666666666666
176,Indiana,2018,18.0,5210226.916666667,3378896.1666666665,64.86666666666666,3264711.0833333335,62.675000000000004,114185.08333333333,3.383333333333333
177,Indiana,2019,18.0,5243581.833333333,3381579.3333333335,64.48333333333333,3272555.0833333335,62.416666666666664,109024.25,3.233333333333333
178,Indiana,2020,18.0,5272891.333333333,3319378.5833333335,62.949999999999996,3082687.1666666665,58.466666666666676,236691.41666666666,7.174999999999998
179,Indiana,2021,18.0,5286270.0,3347732.0,63.3,3206544.0,60.7,141188.0,4.2
180,Iowa,2010,19.0,2358177.0,1674190.6666666667,71.0,1571900.5,66.64999999999999,102290.16666666667,6.116666666666667
181,Iowa,2011,19.0,2375851.3333333335,1670116.3333333333,70.3,1575940.75,66.33333333333336,94175.58333333333,5.650000000000001
182,Iowa,2012,19.0,2389698.0833333335,1660358.3333333333,69.49166666666666,1576257.25,65.94999999999999,84101.08333333333,5.058333333333334
183,Iowa,2013,19.0,2405162.5,1676882.25,69.725,1597567.4166666667,66.425,79314.83333333333,4.7250000000000005
184,Iowa,2014,19.0,2420070.4166666665,1699027.75,70.20833333333331,1627046.8333333333,67.225,71980.91666666667,4.2250000000000005
185,Iowa,2015,19.0,2431479.5,1700631.4166666667,69.93333333333334,1637625.0833333333,67.35000000000001,63006.333333333336,3.691666666666667
186,Iowa,2016,19.0,2442455.9166666665,1703087.5833333333,69.71666666666667,1641910.5833333333,67.23333333333333,61177.0,3.5749999999999997
187,Iowa,2017,19.0,2452634.8333333335,1686578.6666666667,68.78333333333335,1634396.75,66.64166666666667,52181.916666666664,3.0833333333333335
188,Iowa,2018,19.0,2460389.25,1701548.75,69.15833333333333,1657315.8333333333,67.35833333333333,44232.916666666664,2.6
189,Iowa,2019,19.0,2471395.5,1733664.25,70.14999999999999,1685761.5,68.20833333333333,47902.75,2.75
190,Iowa,2020,19.0,2479334.1666666665,1665245.25,67.16666666666666,1577814.9166666667,63.63333333333332,87430.33333333333,5.250000000000001
191,Iowa,2021,19.0,2482022.0,1625122.0,65.5,1567755.0,63.2,57367.0,3.5
192,Kansas,2010,20.0,2148694.5,1500469.5833333333,69.825,1396262.6666666667,64.98333333333332,104206.91666666667,6.933333333333333
193,Kansas,2011,20.0,2161751.75,1497807.0,69.28333333333335,1402091.0,64.85833333333333,95716.0,6.383333333333332
194,Kansas,2012,20.0,2174286.8333333335,1490938.3333333333,68.575,1405657.4166666667,64.65833333333335,85280.91666666667,5.716666666666668
195,Kansas,2013,20.0,2183614.25,1489830.4166666667,68.22500000000001,1410945.5833333333,64.61666666666667,78884.83333333333,5.3
196,Kansas,2014,20.0,2194459.6666666665,1494142.6666666667,68.09166666666665,1426810.4166666667,65.025,67332.25,4.508333333333332
197,Kansas,2015,20.0,2204743.1666666665,1493864.4166666667,67.76666666666668,1431795.25,64.95833333333333,62069.166666666664,4.1499999999999995
198,Kansas,2016,20.0,2213993.5833333335,1491806.5833333333,67.375,1431732.75,64.66666666666666,60073.833333333336,4.016666666666667
199,Kansas,2017,20.0,2217600.8333333335,1483659.9166666667,66.90833333333333,1429849.0833333333,64.475,53810.833333333336,3.6333333333333333
200,Kansas,2018,20.0,2222350.3333333335,1483534.3333333333,66.74166666666667,1434727.0,64.56666666666668,48807.333333333336,3.2833333333333328
201,Kansas,2019,20.0,2227888.6666666665,1493631.4166666667,67.05,1446479.75,64.93333333333335,47151.666666666664,3.1416666666666675
202,Kansas,2020,20.0,2234451.0,1497480.4166666667,67.02499999999999,1408898.25,63.074999999999996,88582.16666666667,5.925000000000001
203,Kansas,2021,20.0,2237486.0,1502433.0,67.1,1450512.0,64.8,51921.0,3.5
204,Kentucky,2010,21.0,3350085.5,2064406.6666666667,61.616666666666674,1852447.9166666667,55.29999999999999,211958.75,10.266666666666667
205,Kentucky,2011,21.0,3371492.5,2061205.6666666667,61.14166666666666,1868146.1666666667,55.40833333333333,193059.5,9.375000000000002
206,Kentucky,2012,21.0,3389582.5833333335,2060292.0,60.78333333333333,1891236.5833333333,55.791666666666664,169055.41666666666,8.2
207,Kentucky,2013,21.0,3411412.9166666665,2056652.0833333333,60.29166666666666,1893497.0833333333,55.50833333333333,163155.0,7.916666666666667
208,Kentucky,2014,21.0,3427723.25,2006478.8333333333,58.53333333333333,1877629.9166666667,54.775000000000006,128848.91666666667,6.416666666666667
209,Kentucky,2015,21.0,3443533.5,1979616.6666666667,57.48333333333334,1876193.8333333333,54.49166666666667,103422.83333333333,5.233333333333334
210,Kentucky,2016,21.0,3459892.0833333335,2015973.5,58.25833333333335,1914499.5,55.31666666666667,101474.0,5.033333333333333
211,Kentucky,2017,21.0,3475932.4166666665,2049482.4166666667,58.96666666666666,1952063.5,56.17499999999999,97418.91666666667,4.766666666666667
212,Kentucky,2018,21.0,3486325.8333333335,2052855.5833333333,58.87499999999998,1966553.8333333333,56.4,86301.75,4.200000000000001
213,Kentucky,2019,21.0,3497218.9166666665,2070043.3333333333,59.18333333333334,1984542.0,56.75,85501.33333333333,4.116666666666668
214,Kentucky,2020,21.0,3507508.5833333335,2019153.4166666667,57.56666666666667,1885159.9166666667,53.74166666666665,133993.5,6.608333333333332
215,Kentucky,2021,21.0,3512884.0,1989741.0,56.6,1883307.0,53.6,106434.0,5.3
216,Los Angeles County,2010,37.0,7640108.583333333,4940415.833333333,64.66666666666667,4319955.25,56.533333333333324,620460.5833333334,12.558333333333332
217,Los Angeles County,2011,37.0,7731277.833333333,4940715.583333333,63.9,4336140.083333333,56.1,604575.5,12.241666666666667
218,Los Angeles County,2012,37.0,7807491.833333333,4905797.166666667,62.833333333333336,4366066.916666667,55.93333333333333,539730.25,11.0
219,Los Angeles County,2013,37.0,7877211.583333333,4956942.916666667,62.91666666666668,4472946.75,56.76666666666666,483996.1666666667,9.783333333333333
220,Los Angeles County,2014,37.0,7938597.25,4982675.5,62.74999999999999,4572208.083333333,57.61666666666667,410467.4166666667,8.258333333333335
221,Los Angeles County,2015,37.0,7995150.583333333,4974240.666666667,62.22499999999999,4641962.0,58.05833333333334,332278.6666666667,6.683333333333334
222,Los Angeles County,2016,37.0,8037960.083333333,5019162.416666667,62.43333333333334,4750957.083333333,59.09166666666666,268205.3333333333,5.341666666666665
223,Los Angeles County,2017,37.0,8062491.333333333,5088556.25,63.10833333333334,4843011.666666667,60.066666666666684,245544.58333333334,4.825
224,Los Angeles County,2018,37.0,8063881.916666667,5093815.25,63.15833333333335,4856773.833333333,60.241666666666674,237041.41666666666,4.650000000000001
225,Los Angeles County,2019,37.0,8047438.25,5123163.416666667,63.65833333333333,4889046.916666667,60.75,234116.5,4.575
226,Los Angeles County,2020,37.0,8015316.083333333,4920699.25,61.39166666666667,4289604.75,53.508333333333326,631094.5,12.949999999999998
227,Los Angeles County,2021,37.0,7995220.0,4877297.0,61.0,4264128.0,53.3,613169.0,12.6
228,Louisiana,2010,22.0,3437870.5833333335,2084849.5833333333,60.65833333333333,1928123.5833333333,56.09166666666667,156726.0,7.516666666666667
229,Louisiana,2011,22.0,3477805.0,2080086.5833333333,59.80833333333334,1925604.4166666667,55.375,154482.16666666666,7.433333333333333
230,Louisiana,2012,22.0,3502626.6666666665,2090238.5833333333,59.683333333333344,1948835.3333333333,55.62500000000001,141403.25,6.766666666666667
231,Louisiana,2013,22.0,3525455.0,2101861.6666666665,59.60833333333333,1967289.1666666667,55.800000000000004,134572.5,6.416666666666668
232,Louisiana,2014,22.0,3546849.0,2141396.6666666665,60.37500000000001,2007559.6666666667,56.6,133837.0,6.25
233,Louisiana,2015,22.0,3568063.1666666665,2150738.5833333335,60.28333333333334,2015528.3333333333,56.48333333333334,135210.25,6.291666666666667
234,Louisiana,2016,22.0,3583946.6666666665,2123908.75,59.26666666666666,1994883.75,55.658333333333324,129025.0,6.066666666666667
235,Louisiana,2017,22.0,3585637.75,2108220.3333333335,58.783333333333324,2000252.4166666667,55.791666666666664,107967.91666666667,5.125
236,Louisiana,2018,22.0,3584334.1666666665,2114842.0833333335,59.00833333333333,2012707.0833333333,56.15833333333334,102135.0,4.824999999999998
237,Louisiana,2019,22.0,3584213.5,2119991.1666666665,59.133333333333326,2021947.5833333333,56.40833333333333,98043.58333333333,4.633333333333334
238,Louisiana,2020,22.0,3580914.75,2076475.5,57.98333333333334,1904292.25,53.18333333333333,172183.25,8.350000000000001
239,Louisiana,2021,22.0,3578075.0,2083974.0,58.2,1925426.0,53.8,158548.0,7.6
240,Maine,2010,23.0,1073082.5833333333,697749.5833333334,65.02499999999999,639057.9166666666,59.55833333333334,58691.666666666664,8.416666666666666
241,Maine,2011,23.0,1079355.75,698901.3333333334,64.75833333333331,644884.8333333334,59.74166666666667,54016.5,7.7250000000000005
242,Maine,2012,23.0,1082404.9166666667,700834.5,64.74166666666666,650424.6666666666,60.07500000000001,50409.833333333336,7.1916666666666655
243,Maine,2013,23.0,1085150.4166666667,704333.0,64.9,657259.25,60.57500000000001,47073.75,6.683333333333334
244,Maine,2014,23.0,1089256.5,698028.5,64.08333333333333,659099.0,60.50833333333333,38929.5,5.558333333333334
245,Maine,2015,23.0,1091323.75,687900.9166666666,63.04166666666668,657691.4166666666,60.25833333333333,30209.5,4.383333333333334
246,Maine,2016,23.0,1094744.25,693937.8333333334,63.39166666666667,667738.3333333334,60.99166666666665,26199.5,3.7750000000000004
247,Maine,2017,23.0,1099814.4166666667,699445.5,63.583333333333336,675879.6666666666,61.44999999999999,23565.833333333332,3.358333333333333
248,Maine,2018,23.0,1105150.3333333333,698278.3333333334,63.18333333333334,676529.5833333334,61.208333333333336,21748.75,3.116666666666667
249,Maine,2019,23.0,1111587.3333333333,696270.75,62.633333333333354,677207.3333333334,60.916666666666664,19063.416666666668,2.7166666666666663
250,Maine,2020,23.0,1117783.0,676452.1666666666,60.50833333333333,639749.1666666666,57.241666666666674,36703.0,5.458333333333333
251,Maine,2021,23.0,1120850.0,671418.0,59.9,636364.0,56.8,35054.0,5.2
252,Maryland,2010,24.0,4488287.583333333,3078517.75,68.6,2837523.3333333335,63.225,240994.41666666666,7.825
253,Maryland,2011,24.0,4553234.833333333,3096908.0833333335,68.00833333333331,2870546.75,63.050000000000004,226361.33333333334,7.316666666666666
254,Maryland,2012,24.0,4601141.416666667,3121324.5833333335,67.83333333333333,2906879.5,63.18333333333333,214445.08333333334,6.866666666666666
255,Maryland,2013,24.0,4639291.75,3129499.5833333335,67.45833333333333,2925343.25,63.05833333333333,204156.33333333334,6.516666666666667
256,Maryland,2014,24.0,4670633.833333333,3124848.0833333335,66.89999999999999,2945698.75,63.07500000000001,179149.33333333334,5.733333333333334
257,Maryland,2015,24.0,4697560.833333333,3140166.0,66.83333333333333,2983590.6666666665,63.50000000000001,156575.33333333334,4.991666666666666
258,Maryland,2016,24.0,4715122.416666667,3156152.6666666665,66.92500000000001,3020666.1666666665,64.05,135486.5,4.291666666666667
259,Maryland,2017,24.0,4736256.916666667,3202683.4166666665,67.625,3071959.8333333335,64.84166666666665,130723.58333333333,4.083333333333334
260,Maryland,2018,24.0,4752321.083333333,3215144.75,67.64166666666667,3092254.5833333335,65.06666666666668,122890.16666666667,3.833333333333334
261,Maryland,2019,24.0,4766221.416666667,3269612.5833333335,68.60833333333333,3155973.0,66.20833333333333,113639.58333333333,3.4833333333333325
262,Maryland,2020,24.0,4773395.583333333,3171575.5833333335,66.43333333333335,2957347.9166666665,61.974999999999994,214227.66666666666,6.808333333333334
263,Maryland,2021,24.0,4773686.0,3104901.0,65.0,2907611.0,60.9,197290.0,6.4
264,Massachusetts,2010,25.0,5252271.916666667,3478585.25,66.23333333333335,3198448.0,60.88333333333333,280137.25,8.058333333333334
265,Massachusetts,2011,25.0,5295565.166666667,3484169.9166666665,65.8,3232509.3333333335,61.050000000000004,251660.58333333334,7.2250000000000005
266,Massachusetts,2012,25.0,5351700.0,3506989.75,65.52499999999999,3271573.8333333335,61.14166666666667,235415.91666666666,6.700000000000002
267,Massachusetts,2013,25.0,5407695.833333333,3517511.0,65.04999999999998,3284165.0833333335,60.741666666666674,233345.91666666666,6.641666666666668
268,Massachusetts,2014,25.0,5461991.416666667,3568913.25,65.35000000000001,3364106.75,61.6,204806.5,5.741666666666667
269,Massachusetts,2015,25.0,5504918.833333333,3590195.75,65.21666666666665,3418325.0833333335,62.1,171870.66666666666,4.791666666666667
270,Massachusetts,2016,25.0,5543886.666666667,3618191.9166666665,65.24999999999999,3472462.4166666665,62.63333333333333,145729.5,4.041666666666666
271,Massachusetts,2017,25.0,5584359.5,3681850.0,65.92500000000001,3541403.75,63.40833333333333,140446.25,3.8000000000000003
272,Massachusetts,2018,25.0,5614646.416666667,3762942.5833333335,67.03333333333335,3632999.5833333335,64.7,129943.0,3.4499999999999993
273,Massachusetts,2019,25.0,5636431.333333333,3782118.5,67.10000000000001,3667922.4166666665,65.09166666666668,114196.08333333333,3.025
274,Massachusetts,2020,25.0,5647657.75,3661518.6666666665,64.83333333333333,3334607.9166666665,59.041666666666664,326910.75,9.008333333333335
275,Massachusetts,2021,25.0,5646187.0,3756697.0,66.5,3461923.0,61.3,294774.0,7.8
276,Michigan,2010,26.0,7739420.833333333,4754752.083333333,61.43333333333333,4174466.25,53.94166666666666,580285.8333333334,12.191666666666668
277,Michigan,2011,26.0,7755121.916666667,4668640.416666667,60.19999999999999,4201492.833333333,54.18333333333334,467147.5833333333,10.008333333333333
278,Michigan,2012,26.0,7791752.166666667,4686361.75,60.13333333333333,4262696.666666667,54.708333333333336,423665.0833333333,9.058333333333334
279,Michigan,2013,26.0,7826580.583333333,4737929.25,60.53333333333333,4324877.75,55.258333333333326,413051.5,8.725
280,Michigan,2014,26.0,7859937.5,4758935.583333333,60.541666666666664,4415420.083333333,56.16666666666668,343515.5,7.233333333333334
281,Michigan,2015,26.0,7884086.833333333,4760773.666666667,60.366666666666674,4502705.416666667,57.10833333333334,258068.25,5.425000000000001
282,Michigan,2016,26.0,7917715.166666667,4849105.083333333,61.24999999999999,4606582.333333333,58.183333333333316,242522.75,5.008333333333334
283,Michigan,2017,26.0,7953054.5,4886894.333333333,61.44166666666666,4662832.833333333,58.625,224061.5,4.583333333333335
284,Michigan,2018,26.0,7976843.666666667,4917555.166666667,61.65,4712486.083333333,59.08333333333334,205069.08333333334,4.158333333333334
285,Michigan,2019,26.0,7990659.333333333,4949300.0,61.94166666666666,4747971.0,59.408333333333324,201329.0,4.066666666666666
286,Michigan,2020,26.0,7995289.166666667,4839366.416666667,60.52500000000001,4360722.666666667,54.53333333333333,478643.75,9.983333333333333
287,Michigan,2021,26.0,7995094.0,4736277.0,59.2,4465486.0,55.9,270791.0,5.7
288,Minnesota,2010,27.0,4115655.1666666665,2940580.3333333335,71.45,2723277.5,66.15833333333335,217302.83333333334,7.391666666666666
289,Minnesota,2011,27.0,4150149.9166666665,2952236.8333333335,71.11666666666666,2759782.75,66.49166666666667,192454.08333333334,6.525000000000001
290,Minnesota,2012,27.0,4184425.6666666665,2950439.25,70.50833333333334,2783839.9166666665,66.51666666666667,166599.33333333334,5.650000000000001
291,Minnesota,2013,27.0,4218760.0,2961662.0833333335,70.2,2812495.4166666665,66.66666666666667,149166.66666666666,5.041666666666666
292,Minnesota,2014,27.0,4252304.916666667,2979740.8333333335,70.07500000000002,2852632.0,67.1,127108.83333333333,4.266666666666667
293,Minnesota,2015,27.0,4282725.583333333,3005811.3333333335,70.18333333333335,2892147.4166666665,67.525,113663.91666666667,3.7916666666666665
294,Minnesota,2016,27.0,4318608.25,3023731.25,70.02499999999999,2906932.8333333335,67.30833333333335,116798.41666666667,3.8749999999999996
295,Minnesota,2017,27.0,4356933.25,3050457.0833333335,70.00833333333334,2945448.6666666665,67.60000000000001,105008.41666666667,3.441666666666667
296,Minnesota,2018,27.0,4392016.166666667,3059180.75,69.65833333333335,2966376.5,67.54166666666667,92804.25,3.025
297,Minnesota,2019,27.0,4424057.5,3093020.5833333335,69.91666666666667,2995726.8333333335,67.71666666666665,97293.75,3.133333333333334
298,Minnesota,2020,27.0,4448525.916666667,3094852.3333333335,69.575,2903291.25,65.26666666666667,191561.08333333334,6.183333333333334
299,Minnesota,2021,27.0,4458943.0,3026226.0,67.9,2889955.0,64.8,136271.0,4.5
300,Mississippi,2010,28.0,2228132.1666666665,1308750.0833333333,58.741666666666674,1176978.1666666667,52.83333333333334,131771.91666666666,10.083333333333334
301,Mississippi,2011,28.0,2245128.0833333335,1346145.6666666667,59.95833333333332,1214611.1666666667,54.10833333333334,131534.5,9.775
302,Mississippi,2012,28.0,2254011.25,1330565.9166666667,59.03333333333333,1213118.8333333333,53.83333333333334,117447.08333333333,8.825
303,Mississippi,2013,28.0,2264122.5833333335,1273606.4166666667,56.275000000000006,1165487.5,51.475,108118.91666666667,8.491666666666667
304,Mississippi,2014,28.0,2272488.75,1243839.8333333333,54.725000000000016,1149332.5,50.574999999999996,94507.33333333333,7.591666666666668
305,Mississippi,2015,28.0,2278953.3333333335,1259919.5833333333,55.28333333333334,1178250.4166666667,51.708333333333336,81669.16666666667,6.483333333333333
306,Mississippi,2016,28.0,2285176.4166666665,1272080.8333333333,55.66666666666668,1196124.5,52.35833333333334,75956.33333333333,5.966666666666666
307,Mississippi,2017,28.0,2289991.4166666665,1273869.0833333333,55.61666666666667,1207335.6666666667,52.716666666666676,66533.41666666667,5.216666666666667
308,Mississippi,2018,28.0,2286735.0,1269926.9166666667,55.53333333333333,1206922.1666666667,52.775000000000006,63004.75,4.941666666666666
309,Mississippi,2019,28.0,2287341.5,1280407.0833333333,55.98333333333335,1209555.6666666667,52.88333333333333,70851.41666666667,5.516666666666668
310,Mississippi,2020,28.0,2286636.5833333335,1259178.8333333333,55.083333333333336,1157468.75,50.616666666666674,101710.08333333333,8.116666666666667
311,Mississippi,2021,28.0,2286271.0,1279985.0,56.0,1197807.0,52.4,82178.0,6.4
312,Missouri,2010,29.0,4629450.25,3042979.75,65.72500000000001,2754011.5833333335,59.49166666666667,288968.1666666667,9.508333333333335
313,Missouri,2011,29.0,4648959.0,3032563.1666666665,65.23333333333333,2770296.75,59.583333333333336,262266.4166666667,8.641666666666667
314,Missouri,2012,29.0,4670470.75,3005066.9166666665,64.33333333333331,2789233.0,59.70833333333332,215833.91666666666,7.191666666666667
315,Missouri,2013,29.0,4690655.583333333,3012429.0833333335,64.21666666666668,2808030.3333333335,59.85833333333332,204398.75,6.774999999999999
316,Missouri,2014,29.0,4713011.0,3035420.0,64.40833333333333,2848543.4166666665,60.416666666666664,186876.58333333334,6.1499999999999995
317,Missouri,2015,29.0,4735157.5,3057900.9166666665,64.575,2901888.9166666665,61.291666666666664,156012.0,5.108333333333333
318,Missouri,2016,29.0,4755611.666666667,3072730.5833333335,64.61666666666666,2933058.0833333335,61.675000000000004,139672.5,4.55
319,Missouri,2017,29.0,4777053.25,3057283.75,64.0,2942114.5,61.599999999999994,115169.25,3.766666666666667
320,Missouri,2018,29.0,4793609.166666667,3051202.75,63.650000000000006,2952877.8333333335,61.591666666666676,98324.91666666667,3.2166666666666672
321,Missouri,2019,29.0,4814503.333333333,3078588.1666666665,63.94166666666667,2977976.9166666665,61.85833333333333,100611.25,3.275
322,Missouri,2020,29.0,4835083.916666667,3051351.1666666665,63.116666666666674,2866042.4166666665,59.28333333333333,185308.75,6.116666666666667
323,Missouri,2021,29.0,4845259.0,3044856.0,62.8,2914034.0,60.1,130822.0,4.3
324,Montana,2010,30.0,777255.1666666666,500857.3333333333,64.45,464850.8333333333,59.824999999999996,36006.5,7.183333333333333
325,Montana,2011,30.0,784510.75,501026.9166666667,63.85833333333333,467780.6666666667,59.61666666666667,33246.25,6.625
326,Montana,2012,30.0,791191.75,506625.4166666667,64.03333333333335,477218.0833333333,60.31666666666666,29407.333333333332,5.8
327,Montana,2013,30.0,799349.6666666666,511164.0,63.94999999999999,483868.8333333333,60.51666666666667,27295.166666666668,5.341666666666666
328,Montana,2014,30.0,806980.9166666666,512844.5833333333,63.550000000000004,488949.1666666667,60.600000000000016,23895.416666666668,4.666666666666667
329,Montana,2015,30.0,814805.4166666666,517781.6666666667,63.55833333333334,495626.3333333333,60.82499999999999,22155.333333333332,4.291666666666665
330,Montana,2016,30.0,824041.8333333334,521800.6666666667,63.324999999999996,499299.4166666667,60.599999999999994,22501.25,4.325
331,Montana,2017,30.0,834305.0833333334,525393.25,62.975,503862.8333333333,60.39166666666667,21530.416666666668,4.108333333333334
332,Montana,2018,30.0,842893.3333333334,529725.0833333334,62.84166666666666,509738.9166666667,60.46666666666667,19986.166666666668,3.775000000000001
333,Montana,2019,30.0,851622.3333333334,537215.0,63.08333333333332,517875.1666666667,60.800000000000004,19339.833333333332,3.6083333333333343
334,Montana,2020,30.0,861660.0,540051.8333333334,62.675000000000004,508261.25,58.99166666666667,31790.583333333332,5.900000000000001
335,Montana,2021,30.0,867082.0,532819.0,61.4,511663.0,59.0,21156.0,4.0
336,Nebraska,2010,31.0,1386390.0833333333,992015.1666666666,71.55833333333331,945262.3333333334,68.18333333333334,46752.833333333336,4.7
337,Nebraska,2011,31.0,1399913.9166666667,1003443.6666666666,71.66666666666666,959233.1666666666,68.51666666666667,44210.5,4.3999999999999995
338,Nebraska,2012,31.0,1410901.1666666667,1012943.5,71.80833333333332,973500.3333333334,69.00833333333335,39443.166666666664,3.8833333333333324
339,Nebraska,2013,31.0,1420827.9166666667,1015185.0,71.45,977855.8333333334,68.825,37329.166666666664,3.6749999999999994
340,Nebraska,2014,31.0,1431323.1666666667,1012567.5833333334,70.73333333333333,979639.4166666666,68.44999999999999,32928.166666666664,3.25
341,Nebraska,2015,31.0,1440994.25,1011802.0,70.225,981459.75,68.10833333333335,30342.25,2.983333333333333
342,Nebraska,2016,31.0,1452381.25,1016063.6666666666,69.94166666666666,984889.3333333334,67.8,31174.333333333332,3.066666666666667
343,Nebraska,2017,31.0,1462197.1666666667,1016538.75,69.525,986675.75,67.48333333333333,29863.0,2.933333333333333
344,Nebraska,2018,31.0,1470781.3333333333,1026968.1666666666,69.8,997574.75,67.83333333333333,29393.416666666668,2.858333333333333
345,Nebraska,2019,31.0,1479047.5833333333,1040467.9166666666,70.35000000000001,1009490.0,68.24166666666666,30977.916666666668,2.9749999999999996
346,Nebraska,2020,31.0,1486714.5833333333,1035290.5833333334,69.64166666666667,991304.4166666666,66.68333333333332,43986.166666666664,4.249999999999999
347,Nebraska,2021,31.0,1490395.0,1024694.0,68.8,992077.0,66.6,32617.0,3.2
348,Nevada,2010,32.0,2061292.5833333333,1358413.0833333333,65.89166666666668,1171975.0,56.866666666666674,186438.08333333334,13.733333333333334
349,Nevada,2011,32.0,2092674.0833333333,1360623.9166666667,65.00833333333333,1179541.1666666667,56.37500000000001,181082.75,13.316666666666668
350,Nevada,2012,32.0,2122954.0,1366619.8333333333,64.375,1207821.9166666667,56.89166666666667,158797.91666666666,11.608333333333334
351,Nevada,2013,32.0,2154637.3333333335,1370939.9166666667,63.63333333333335,1234348.5,57.29166666666666,136591.41666666666,9.966666666666665
352,Nevada,2014,32.0,2192082.5,1380091.75,62.958333333333314,1267421.4166666667,57.82500000000001,112670.33333333333,8.158333333333333
353,Nevada,2015,32.0,2235028.1666666665,1396826.1666666667,62.491666666666674,1301280.5833333333,58.216666666666676,95545.58333333333,6.8500000000000005
354,Nevada,2016,32.0,2279403.8333333335,1414405.6666666667,62.05833333333333,1332376.3333333333,58.449999999999996,82029.33333333333,5.8083333333333345
355,Nevada,2017,32.0,2326795.8333333335,1453012.5833333333,62.45000000000002,1380088.6666666667,59.30000000000001,72923.91666666667,5.016666666666666
356,Nevada,2018,32.0,2378605.0,1505647.5833333333,63.291666666666664,1439539.9166666667,60.51666666666666,66107.66666666667,4.408333333333332
357,Nevada,2019,32.0,2432622.3333333335,1566433.6666666667,64.39166666666667,1505357.5,61.88333333333333,61076.166666666664,3.9
358,Nevada,2020,32.0,2480787.1666666665,1530406.75,61.69166666666667,1333813.0833333333,53.76666666666668,196593.66666666666,13.016666666666666
359,Nevada,2021,32.0,2505533.0,1530200.0,61.1,1405531.0,56.1,124669.0,8.1
360,New Hampshire,2010,33.0,1055690.9166666667,739304.8333333334,70.05,694287.3333333334,65.75,45017.5,6.083333333333333
361,New Hampshire,2011,33.0,1060141.0833333333,736689.6666666666,69.49166666666666,696488.5,65.7,40201.166666666664,5.449999999999999
362,New Hampshire,2012,33.0,1068653.6666666667,740956.25,69.32499999999999,700584.1666666666,65.56666666666668,40372.083333333336,5.466666666666668
363,New Hampshire,2013,33.0,1075450.6666666667,743243.0,69.1,704317.5833333334,65.49166666666666,38925.416666666664,5.250000000000001
364,New Hampshire,2014,33.0,1083434.4166666667,743873.0,68.66666666666667,711797.0,65.675,32076.0,4.325
365,New Hampshire,2015,33.0,1089562.0,746322.8333333334,68.49999999999999,720896.5,66.15833333333335,25426.333333333332,3.391666666666666
366,New Hampshire,2016,33.0,1097720.1666666667,752466.4166666666,68.55,730872.3333333334,66.58333333333333,21594.083333333332,2.883333333333333
367,New Hampshire,2017,33.0,1106476.4166666667,755046.25,68.24166666666669,733858.9166666666,66.32499999999999,21187.333333333332,2.8250000000000006
368,New Hampshire,2018,33.0,1113848.9166666667,764470.25,68.64166666666668,744230.1666666666,66.825,20240.083333333332,2.650000000000001
369,New Hampshire,2019,33.0,1122120.9166666667,773310.25,68.91666666666667,753250.25,67.12500000000001,20060.0,2.6000000000000005
370,New Hampshire,2020,33.0,1130098.5833333333,761933.6666666666,67.425,711027.0,62.916666666666664,50906.666666666664,6.708333333333333
371,New Hampshire,2021,33.0,1133752.0,762943.0,67.3,735791.0,64.9,27152.0,3.6
372,New Jersey,2010,34.0,6860978.916666667,4559402.416666667,66.45833333333333,4118771.4166666665,60.025000000000006,440631.0,9.658333333333333
373,New Jersey,2011,34.0,6916237.083333333,4561838.916666667,65.95833333333333,4134731.8333333335,59.76666666666666,427107.0833333333,9.374999999999998
374,New Jersey,2012,34.0,6947898.0,4577199.833333333,65.89166666666665,4147707.6666666665,59.70000000000001,429492.1666666667,9.383333333333335
375,New Jersey,2013,34.0,6973699.916666667,4528301.0,64.925,4148010.9166666665,59.48333333333332,380290.0833333333,8.374999999999998
376,New Jersey,2014,34.0,6994769.75,4493705.833333333,64.24166666666666,4191225.9166666665,59.90000000000001,302479.9166666667,6.733333333333334
377,New Jersey,2015,34.0,7012396.666666667,4494823.083333333,64.09166666666665,4238646.416666667,60.449999999999996,256176.66666666666,5.7
378,New Jersey,2016,34.0,7030112.5,4493227.0,63.91666666666666,4271301.25,60.75833333333335,221925.75,4.941666666666666
379,New Jersey,2017,34.0,7052098.25,4476067.666666667,63.46666666666667,4273858.416666667,60.61666666666667,202209.25,4.508333333333334
380,New Jersey,2018,34.0,7064412.666666667,4455438.25,63.058333333333344,4277961.333333333,60.55833333333334,177476.91666666666,3.9916666666666667
381,New Jersey,2019,34.0,7074056.666666667,4522070.166666667,63.916666666666664,4367640.916666667,61.74166666666667,154429.25,3.4250000000000003
382,New Jersey,2020,34.0,7077198.5,4494575.25,63.51666666666666,4053299.9166666665,57.275000000000006,441275.3333333333,9.841666666666667
383,New Jersey,2021,34.0,7073517.0,4407335.0,62.3,4059733.0,57.4,347602.0,7.9
384,New Mexico,2010,35.0,1560087.3333333333,928855.75,59.55833333333333,856664.1666666666,54.92499999999999,72191.58333333333,7.774999999999999
385,New Mexico,2011,35.0,1583448.0833333333,925002.8333333334,58.42499999999999,858135.0,54.19166666666667,66867.83333333333,7.216666666666668
386,New Mexico,2012,35.0,1593230.6666666667,928736.0833333334,58.29166666666666,863944.0833333334,54.23333333333333,64792.0,6.966666666666666
387,New Mexico,2013,35.0,1600998.25,929669.5,58.05833333333333,865527.5833333334,54.07500000000001,64141.916666666664,6.908333333333332
388,New Mexico,2014,35.0,1605079.4166666667,932024.0833333334,58.08333333333334,870554.25,54.24166666666667,61469.833333333336,6.591666666666669
389,New Mexico,2015,35.0,1610773.9166666667,938332.6666666666,58.25833333333335,876411.1666666666,54.408333333333324,61921.5,6.600000000000001
390,New Mexico,2016,35.0,1617770.3333333333,944334.8333333334,58.383333333333326,880426.3333333334,54.433333333333316,63908.5,6.75
391,New Mexico,2017,35.0,1624138.5833333333,946279.5,58.275000000000006,888816.75,54.71666666666666,57462.75,6.075
392,New Mexico,2018,35.0,1631213.25,947656.25,58.1,900728.75,55.21666666666666,46927.5,4.941666666666666
393,New Mexico,2019,35.0,1641763.6666666667,960185.6666666666,58.48333333333334,911952.3333333334,55.55000000000001,48233.333333333336,5.0249999999999995
394,New Mexico,2020,35.0,1653287.8333333333,943352.1666666666,57.050000000000004,863684.6666666666,52.23333333333334,79667.5,8.466666666666665
395,New Mexico,2021,35.0,1659311.0,958761.0,57.8,875618.0,52.8,83143.0,8.7
396,New York,2010,36.0,15382859.916666666,9630596.5,62.6,8791761.416666666,57.158333333333324,838835.0833333334,8.716666666666667
397,New York,2011,36.0,15474263.5,9536217.75,61.63333333333333,8739638.416666666,56.474999999999994,796579.3333333334,8.358333333333333
398,New York,2012,36.0,15564710.666666666,9603853.333333334,61.69999999999999,8775712.75,56.38333333333333,828140.5833333334,8.625
399,New York,2013,36.0,15639250.083333334,9634652.833333334,61.61666666666667,8883123.583333334,56.79166666666666,751529.25,7.791666666666665
400,New York,2014,36.0,15690912.0,9524310.25,60.725000000000016,8926217.25,56.875,598093.0,6.291666666666667
401,New York,2015,36.0,15718034.5,9536781.5,60.67500000000001,9037180.083333334,57.50000000000001,499601.4166666667,5.2333333333333325
402,New York,2016,36.0,15729054.0,9528079.416666666,60.583333333333336,9063224.833333334,57.61666666666667,464854.5833333333,4.874999999999999
403,New York,2017,36.0,15721288.583333334,9549173.5,60.725,9105641.25,57.92499999999999,443532.25,4.650000000000001
404,New York,2018,36.0,15700457.583333334,9509711.416666666,60.56666666666667,9119712.166666666,58.08333333333334,389999.25,4.091666666666666
405,New York,2019,36.0,15659355.833333334,9508743.666666666,60.71666666666666,9145511.166666666,58.41666666666668,363232.5,3.816666666666667
406,New York,2020,36.0,15580746.25,9288973.583333334,59.60833333333332,8359111.0,53.650000000000006,929862.5833333334,10.083333333333334
407,New York,2021,36.0,15525350.0,9284186.0,59.8,8467487.0,54.5,816699.0,8.8
408,New York city,2010,51000.0,6581356.583333333,3981016.75,60.5,3599353.0833333335,54.70833333333334,381663.6666666667,9.583333333333334
409,New York city,2011,51000.0,6625844.083333333,3974242.5,59.974999999999994,3611133.4166666665,54.49166666666665,363109.0833333333,9.133333333333335
410,New York city,2012,51000.0,6690350.833333333,4021610.5833333335,60.116666666666674,3642380.3333333335,54.45000000000001,379230.25,9.441666666666668
411,New York city,2013,51000.0,6736449.75,4066654.25,60.349999999999994,3708909.5833333335,55.04999999999999,357744.6666666667,8.808333333333334
412,New York city,2014,51000.0,6772801.333333333,4090772.0,60.399999999999984,3801590.3333333335,56.14166666666667,289181.6666666667,7.066666666666666
413,New York city,2015,51000.0,6798522.083333333,4089154.9166666665,60.14166666666666,3861078.75,56.791666666666664,228076.16666666666,5.566666666666667
414,New York city,2016,51000.0,6809653.5,4088369.5833333335,60.05833333333333,3877876.8333333335,56.949999999999996,210492.75,5.15
415,New York city,2017,51000.0,6796059.583333333,4116740.25,60.56666666666666,3930416.9166666665,57.833333333333336,186323.33333333334,4.5249999999999995
416,New York city,2018,51000.0,6771529.5,4075572.6666666665,60.208333333333336,3907445.0,57.70833333333334,168127.66666666666,4.116666666666667
417,New York city,2019,51000.0,6735692.75,4071295.75,60.425000000000004,3914019.8333333335,58.11666666666667,157275.91666666666,3.858333333333334
418,New York city,2020,51000.0,6674200.416666667,3908635.6666666665,58.55833333333334,3427249.8333333335,51.34166666666667,481385.8333333333,12.458333333333334
419,New York city,2021,51000.0,6633202.0,3867286.0,58.3,3378387.0,50.9,488899.0,12.6
420,North Carolina,2010,37.0,7295064.833333333,4632281.916666667,63.49999999999999,4135929.75,56.691666666666656,496352.1666666667,10.716666666666669
421,North Carolina,2011,37.0,7416868.416666667,4657680.5,62.816666666666656,4180980.8333333335,56.39166666666667,476699.6666666667,10.233333333333333
422,North Carolina,2012,37.0,7504450.416666667,4719445.583333333,62.88333333333333,4270977.333333333,56.90833333333334,448468.25,9.516666666666667
423,North Carolina,2013,37.0,7595424.333333333,4701307.25,61.89166666666668,4337101.416666667,57.10000000000002,364205.8333333333,7.733333333333333
424,North Carolina,2014,37.0,7688413.083333333,4698854.666666667,61.100000000000016,4411455.666666667,57.38333333333333,287399.0,6.108333333333334
425,North Carolina,2015,37.0,7792798.5,4763512.5,61.13333333333333,4494238.25,57.69166666666666,269274.25,5.658333333333334
426,North Carolina,2016,37.0,7911793.5,4845051.833333333,61.24166666666667,4598261.416666667,58.10833333333335,246790.41666666666,5.1000000000000005
427,North Carolina,2017,37.0,8031142.583333333,4928318.333333333,61.36666666666667,4705461.166666667,58.6,222857.16666666666,4.533333333333332
428,North Carolina,2018,37.0,8144873.25,4987678.833333333,61.21666666666667,4786775.0,58.775,200903.83333333334,4.0249999999999995
429,North Carolina,2019,37.0,8254606.25,5076700.416666667,61.5,4884959.833333333,59.183333333333316,191740.58333333334,3.7833333333333337
430,North Carolina,2020,37.0,8359686.5,4948977.583333333,59.19166666666666,4585620.5,54.849999999999994,363357.0833333333,7.416666666666665
431,North Carolina,2021,37.0,8414124.0,5038645.0,59.9,4741046.0,56.3,297599.0,5.9
432,North Dakota,2010,38.0,521041.5,379036.3333333333,72.75833333333333,365048.9166666667,70.07499999999999,13987.416666666666,3.691666666666667
433,North Dakota,2011,38.0,533219.5,387364.75,72.63333333333333,374404.1666666667,70.22500000000001,12960.583333333334,3.358333333333333
434,North Dakota,2012,38.0,544583.1666666666,395525.1666666667,72.63333333333333,383895.75,70.48333333333333,11629.416666666666,2.933333333333333
435,North Dakota,2013,38.0,558633.25,401527.6666666667,71.875,389943.6666666667,69.79166666666667,11584.0,2.891666666666666
436,North Dakota,2014,38.0,570412.75,409471.5833333333,71.8,398731.5833333333,69.89166666666668,10740.0,2.616666666666667
437,North Dakota,2015,38.0,580163.25,410834.9166666667,70.83333333333333,399327.5,68.83333333333333,11507.416666666666,2.7833333333333337
438,North Dakota,2016,38.0,581105.9166666666,411871.8333333333,70.87499999999999,399099.25,68.68333333333334,12772.583333333334,3.0999999999999996
439,North Dakota,2017,38.0,580727.8333333334,410957.5833333333,70.76666666666667,400009.8333333333,68.89999999999999,10947.75,2.6750000000000003
440,North Dakota,2018,38.0,581898.1666666666,407465.9166666667,70.02499999999999,397389.1666666667,68.3,10076.75,2.474999999999999
441,North Dakota,2019,38.0,583738.0,409390.8333333333,70.11666666666666,399904.0,68.51666666666667,9486.833333333334,2.308333333333333
442,North Dakota,2020,38.0,585270.5833333334,406854.4166666667,69.51666666666667,386008.6666666667,65.96666666666665,20845.75,5.125000000000001
443,North Dakota,2021,38.0,585942.0,404500.0,69.0,386230.0,65.9,18270.0,4.5
444,Ohio,2010,39.0,8970327.166666666,5870336.25,65.44166666666666,5267297.083333333,58.70833333333334,603039.1666666666,10.266666666666667
445,Ohio,2011,39.0,8996690.5,5774213.166666667,64.18333333333334,5264057.166666667,58.51666666666666,510156.0,8.816666666666666
446,Ohio,2012,39.0,9023546.833333334,5712908.083333333,63.30833333333334,5289959.666666667,58.60833333333334,422948.4166666667,7.408333333333334
447,Ohio,2013,39.0,9060001.75,5707086.75,62.99166666666667,5282928.166666667,58.29999999999999,424158.5833333333,7.458333333333333
448,Ohio,2014,39.0,9097252.583333334,5712910.75,62.800000000000004,5381111.75,59.150000000000006,331799.0,5.800000000000001
449,Ohio,2015,39.0,9127141.0,5712032.0,62.583333333333336,5429453.166666667,59.49166666666667,282578.8333333333,4.949999999999999
450,Ohio,2016,39.0,9158367.5,5755683.5,62.84166666666666,5464299.833333333,59.66666666666668,291383.6666666667,5.075
451,Ohio,2017,39.0,9192772.333333334,5795194.166666667,63.03333333333333,5507468.25,59.89166666666667,287725.9166666667,4.966666666666667
452,Ohio,2018,39.0,9218324.666666666,5791619.25,62.81666666666667,5530549.083333333,60.00833333333335,261070.16666666666,4.5
453,Ohio,2019,39.0,9242777.916666666,5842907.583333333,63.21666666666667,5598818.0,60.574999999999996,244089.58333333334,4.166666666666667
454,Ohio,2020,39.0,9257597.166666666,5757143.166666667,62.18333333333334,5287672.416666667,57.10833333333333,469470.75,8.183333333333332
455,Ohio,2021,39.0,9262261.0,5769606.0,62.3,5462745.0,59.0,306861.0,5.3
456,Oklahoma,2010,40.0,2832709.5,1764990.75,62.300000000000004,1650387.75,58.25833333333335,114603.0,6.499999999999999
457,Oklahoma,2011,40.0,2867950.6666666665,1767018.5,61.625,1668288.6666666667,58.150000000000006,98729.83333333333,5.591666666666668
458,Oklahoma,2012,40.0,2894376.6666666665,1795152.75,62.03333333333334,1703740.0,58.87499999999999,91412.75,5.116666666666667
459,Oklahoma,2013,40.0,2921036.5833333335,1800031.4166666667,61.625,1707841.0,58.48333333333334,92190.41666666667,5.116666666666667
460,Oklahoma,2014,40.0,2945666.25,1798113.4166666667,61.050000000000004,1720084.8333333333,58.40833333333333,78028.58333333333,4.333333333333334
461,Oklahoma,2015,40.0,2971677.4166666665,1828996.0833333333,61.55833333333333,1750532.4166666667,58.90833333333334,78463.66666666667,4.291666666666665
462,Oklahoma,2016,40.0,2990341.4166666665,1827952.75,61.125,1742989.4166666667,58.30000000000001,84963.33333333333,4.658333333333334
463,Oklahoma,2017,40.0,3000660.6666666665,1831637.5833333333,61.05000000000001,1757851.5833333333,58.58333333333332,73786.0,4.033333333333332
464,Oklahoma,2018,40.0,3012465.6666666665,1838239.0833333333,61.01666666666667,1778087.5,59.008333333333326,60151.583333333336,3.266666666666667
465,Oklahoma,2019,40.0,3031285.0833333335,1845652.8333333333,60.89166666666666,1788609.9166666667,59.0,57042.916666666664,3.0916666666666672
466,Oklahoma,2020,40.0,3052939.25,1848190.0,60.533333333333324,1734761.5833333333,56.824999999999996,113428.41666666667,6.1499999999999995
467,Oklahoma,2021,40.0,3064511.0,1864367.0,60.8,1783506.0,58.2,80861.0,4.3
468,Oregon,2010,41.0,3034354.25,1991085.3333333333,65.61666666666669,1778161.5833333333,58.599999999999994,212923.75,10.691666666666665
469,Oregon,2011,41.0,3066900.6666666665,1995729.1666666667,65.06666666666666,1804098.6666666667,58.833333333333336,191630.5,9.608333333333333
470,Oregon,2012,41.0,3098060.6666666665,1964763.5,63.43333333333334,1791561.1666666667,57.833333333333336,173202.33333333334,8.808333333333332
471,Oregon,2013,41.0,3126399.4166666665,1925208.8333333333,61.58333333333332,1775947.9166666667,56.80833333333333,149260.91666666666,7.750000000000001
472,Oregon,2014,41.0,3164438.5833333335,1949607.0833333333,61.60833333333334,1820209.0833333333,57.49999999999999,129398.0,6.641666666666667
473,Oregon,2015,41.0,3214602.8333333335,1979732.1666666667,61.58333333333334,1871781.5833333333,58.208333333333336,107950.58333333333,5.466666666666666
474,Oregon,2016,41.0,3279334.8333333335,2042641.0,62.29166666666668,1945674.75,59.324999999999996,96966.25,4.749999999999999
475,Oregon,2017,41.0,3332974.0833333335,2081388.0,62.458333333333336,1996917.9166666667,59.91666666666668,84470.08333333333,4.050000000000001
476,Oregon,2018,41.0,3372624.5,2087671.5833333333,61.90833333333333,2003880.0,59.40833333333333,83791.58333333333,4.008333333333334
477,Oregon,2019,41.0,3408878.0833333335,2106447.6666666665,61.79166666666668,2028338.4166666667,59.50833333333333,78109.25,3.7083333333333326
478,Oregon,2020,41.0,3440840.0,2104580.8333333335,61.15833333333333,1945231.6666666667,56.53333333333334,159349.16666666666,7.591666666666666
479,Oregon,2021,41.0,3457167.0,2149501.0,62.2,2017092.0,58.3,132409.0,6.2
480,Pennsylvania,2010,42.0,10049131.333333334,6358834.166666667,63.29166666666668,5839354.583333333,58.10833333333334,519479.5833333333,8.166666666666666
481,Pennsylvania,2011,42.0,10119106.166666666,6380658.083333333,63.05000000000001,5886082.75,58.17499999999999,494575.3333333333,7.741666666666666
482,Pennsylvania,2012,42.0,10156562.083333334,6449656.666666667,63.508333333333354,5955823.666666667,58.64166666666666,493833.0,7.658333333333334
483,Pennsylvania,2013,42.0,10181063.916666666,6421174.166666667,63.06666666666667,5964327.583333333,58.59166666666667,456846.5833333333,7.1000000000000005
484,Pennsylvania,2014,42.0,10205655.833333334,6388979.75,62.60833333333334,6009665.25,58.89166666666668,379314.5,5.933333333333334
485,Pennsylvania,2015,42.0,10218362.833333334,6423541.583333333,62.875,6077358.0,59.475,346183.5833333333,5.391666666666666
486,Pennsylvania,2016,42.0,10232466.25,6459696.333333333,63.11666666666667,6114930.5,59.75833333333333,344765.8333333333,5.341666666666665
487,Pennsylvania,2017,42.0,10250195.166666666,6420766.916666667,62.65,6101203.5,59.53333333333333,319563.4166666667,4.966666666666666
488,Pennsylvania,2018,42.0,10267173.916666666,6432203.75,62.64166666666666,6145703.166666667,59.85,286500.5833333333,4.4833333333333325
489,Pennsylvania,2019,42.0,10275433.583333334,6495965.166666667,63.208333333333336,6206733.083333333,60.4,289232.0833333333,4.45
490,Pennsylvania,2020,42.0,10277769.0,6389258.25,62.16666666666666,5807946.916666667,56.50833333333333,581311.3333333334,9.116666666666665
491,Pennsylvania,2021,42.0,10275393.0,6295363.0,61.3,5837199.0,56.8,458164.0,7.3
492,Rhode Island,2010,44.0,842734.75,571356.0,67.78333333333333,504971.0833333333,59.925000000000004,66384.91666666667,11.625
493,Rhode Island,2011,44.0,844462.75,561981.75,66.55,500062.6666666667,59.208333333333336,61919.083333333336,11.016666666666666
494,Rhode Island,2012,44.0,848000.5,560313.75,66.07499999999999,502979.5,59.31666666666666,57334.25,10.216666666666665
495,Rhode Island,2013,44.0,850781.75,558853.1666666666,65.675,505935.9166666667,59.45833333333332,52917.25,9.475
496,Rhode Island,2014,44.0,853716.0,556750.8333333334,65.23333333333335,513502.5,60.150000000000006,43248.333333333336,7.766666666666667
497,Rhode Island,2015,44.0,855938.4166666666,555146.6666666666,64.875,521712.4166666667,60.94999999999999,33434.25,6.0249999999999995
498,Rhode Island,2016,44.0,858158.5833333334,553420.5,64.5,524505.8333333334,61.11666666666667,28914.666666666668,5.241666666666666
499,Rhode Island,2017,44.0,859650.3333333334,555791.3333333334,64.68333333333335,530753.4166666666,61.74166666666668,25037.916666666668,4.491666666666666
500,Rhode Island,2018,44.0,862003.5833333334,558215.6666666666,64.75833333333334,535490.9166666666,62.12500000000001,22724.75,4.0666666666666655
501,Rhode Island,2019,44.0,863123.9166666666,558730.3333333334,64.75,538563.6666666666,62.40833333333334,20166.666666666668,3.6083333333333343
502,Rhode Island,2020,44.0,864012.6666666666,541880.5833333334,62.70833333333332,491010.8333333333,56.824999999999996,50869.75,9.466666666666667
503,Rhode Island,2021,44.0,864204.0,540279.0,62.5,501202.0,58.0,39077.0,7.2
504,South Carolina,2010,45.0,3564618.8333333335,2173901.3333333335,60.99999999999999,1928271.5833333333,54.08333333333334,245629.75,11.299999999999999
505,South Carolina,2011,45.0,3612048.0833333335,2185411.5833333335,60.49166666666667,1957392.8333333333,54.19166666666666,228018.75,10.450000000000001
506,South Carolina,2012,45.0,3655515.0,2190562.1666666665,59.92499999999998,1993104.3333333333,54.54166666666666,197457.83333333334,9.033333333333333
507,South Carolina,2013,45.0,3704280.8333333335,2198241.8333333335,59.349999999999994,2035002.75,54.93333333333334,163239.08333333334,7.425
508,South Carolina,2014,45.0,3759001.5,2222606.9166666665,59.125,2082929.25,55.416666666666664,139677.66666666666,6.275000000000001
509,South Carolina,2015,45.0,3822409.0,2268262.0,59.341666666666676,2134595.5,55.849999999999994,133666.5,5.900000000000001
510,South Carolina,2016,45.0,3888005.0833333335,2286257.4166666665,58.791666666666664,2174080.75,55.92499999999999,112176.66666666667,4.916666666666667
511,South Carolina,2017,45.0,3949691.3333333335,2297098.0,58.149999999999984,2200717.8333333335,55.71666666666667,96380.16666666667,4.2
512,South Carolina,2018,45.0,4007632.1666666665,2320515.75,57.900000000000006,2241867.5,55.94166666666666,78648.25,3.391666666666667
513,South Carolina,2019,45.0,4068923.0,2367495.6666666665,58.19999999999999,2302474.9166666665,56.583333333333336,65020.75,2.75
514,South Carolina,2020,45.0,4130635.0833333335,2384030.6666666665,57.725,2237033.6666666665,54.15833333333333,146997.0,6.175
515,South Carolina,2021,45.0,4163639.0,2360986.0,56.7,2235303.0,53.7,125683.0,5.3
516,South Dakota,2010,46.0,619307.3333333334,443634.75,71.62499999999999,421839.25,68.10833333333333,21795.5,4.908333333333332
517,South Dakota,2011,46.0,623837.5833333334,445800.0833333333,71.46666666666665,425327.6666666667,68.16666666666669,20472.416666666668,4.6
518,South Dakota,2012,46.0,631724.0,447123.5833333333,70.76666666666668,428999.9166666667,67.89166666666667,18123.666666666668,4.058333333333334
519,South Dakota,2013,46.0,638676.0833333334,447595.5833333333,70.07499999999999,431002.3333333333,67.49999999999999,16593.25,3.6999999999999997
520,South Dakota,2014,46.0,643820.25,450719.75,70.025,435727.5,67.67499999999998,14992.25,3.333333333333334
521,South Dakota,2015,46.0,648268.0833333334,453123.8333333333,69.89166666666667,439347.0833333333,67.76666666666668,13776.75,3.0500000000000003
522,South Dakota,2016,46.0,654760.1666666666,455103.1666666667,69.50833333333334,441364.6666666667,67.425,13738.5,3.016666666666667
523,South Dakota,2017,46.0,662065.1666666666,456795.75,68.99999999999999,442630.75,66.85833333333333,14165.0,3.108333333333334
524,South Dakota,2018,46.0,667483.5833333334,458909.4166666667,68.75833333333334,445625.0833333333,66.77500000000002,13284.333333333334,2.8833333333333333
525,South Dakota,2019,46.0,674092.1666666666,463212.8333333333,68.70833333333333,449402.0833333333,66.65833333333336,13810.75,2.983333333333333
526,South Dakota,2020,46.0,679982.4166666666,463271.4166666667,68.125,441744.5,64.95833333333333,21526.916666666668,4.641666666666667
527,South Dakota,2021,46.0,682691.0,470523.0,68.9,456059.0,66.8,14464.0,3.1
528,Tennessee,2010,47.0,4925389.5,3093425.9166666665,62.808333333333316,2789762.5833333335,56.649999999999984,303663.3333333333,9.825
529,Tennessee,2011,47.0,4973466.083333333,3116957.0,62.68333333333334,2832976.3333333335,56.95833333333332,283980.6666666667,9.108333333333333
530,Tennessee,2012,47.0,5020351.083333333,3096360.25,61.683333333333344,2849574.25,56.76666666666666,246786.0,7.958333333333333
531,Tennessee,2013,47.0,5064574.833333333,3079368.4166666665,60.80833333333334,2841454.5,56.116666666666674,237913.91666666666,7.724999999999999
532,Tennessee,2014,47.0,5109856.0,3043608.0,59.56666666666666,2842363.9166666665,55.63333333333333,201244.08333333334,6.6000000000000005
533,Tennessee,2015,47.0,5159198.5,3074389.8333333335,59.6,2903377.75,56.28333333333333,171012.08333333334,5.566666666666666
534,Tennessee,2016,47.0,5213936.333333333,3136741.8333333335,60.166666666666664,2987419.9166666665,57.29166666666666,149321.91666666666,4.758333333333332
535,Tennessee,2017,47.0,5272141.833333333,3187010.1666666665,60.449999999999996,3067995.75,58.199999999999996,119014.41666666667,3.7416666666666667
536,Tennessee,2018,47.0,5328151.583333333,3251397.6666666665,61.01666666666667,3138010.8333333335,58.9,113386.83333333333,3.483333333333333
537,Tennessee,2019,47.0,5381079.416666667,3329012.5,61.87499999999999,3216761.5,59.775,112251.0,3.375
538,Tennessee,2020,47.0,5437914.416666667,3287421.5833333335,60.45000000000001,3041837.75,55.93333333333334,245583.83333333334,7.516666666666666
539,Tennessee,2021,47.0,5469230.0,3316943.0,60.6,3146636.0,57.5,170307.0,5.1
540,Texas,2010,48.0,18567149.333333332,12258425.083333334,66.02499999999999,11255545.25,60.63333333333335,1002879.8333333334,8.191666666666666
541,Texas,2011,48.0,18967567.75,12500076.25,65.90833333333333,11498484.166666666,60.61666666666667,1001592.0833333334,8.016666666666666
542,Texas,2012,48.0,19328315.416666668,12641404.416666666,65.40833333333332,11795768.916666666,61.04166666666668,845635.5,6.708333333333333
543,Texas,2013,48.0,19686190.583333332,12833157.666666666,65.2,12025234.166666666,61.07500000000002,807923.5,6.3
544,Texas,2014,48.0,20086438.0,13006807.666666666,64.75000000000001,12333298.416666666,61.4,673509.25,5.191666666666667
545,Texas,2015,48.0,20509246.666666668,13091904.333333334,63.85,12506142.416666666,60.97499999999999,585761.9166666666,4.483333333333333
546,Texas,2016,48.0,20905006.583333332,13348141.25,63.84999999999999,12727661.833333334,60.89999999999998,620479.4166666666,4.6499999999999995
547,Texas,2017,48.0,21256511.916666668,13572513.666666666,63.84999999999999,12983154.583333334,61.07500000000002,589359.0833333334,4.341666666666668
548,Texas,2018,48.0,21581146.25,13811799.25,64.00833333333334,13273001.75,61.50833333333333,538797.5,3.8916666666666657
549,Texas,2019,48.0,21930836.916666668,14036841.916666666,64.00833333333334,13542495.25,61.75,494346.6666666667,3.508333333333333
550,Texas,2020,48.0,22289112.5,13981529.75,62.73333333333334,12911653.833333334,57.93333333333333,1069875.9166666667,7.7
551,Texas,2021,48.0,22474687.0,14063094.0,62.6,13104348.0,58.3,958746.0,6.8
552,Utah,2010,49.0,1970916.1666666667,1350136.9166666667,68.51666666666667,1242989.0833333333,63.09166666666666,107147.83333333333,7.933333333333334
553,Utah,2011,49.0,1991464.75,1341435.4166666667,67.375,1246716.0833333333,62.60833333333333,94719.33333333333,7.058333333333334
554,Utah,2012,49.0,2025839.5833333333,1348660.0833333333,66.575,1284264.3333333333,63.375,64395.75,4.775000000000001
555,Utah,2013,49.0,2063004.5,1386251.1666666667,67.19166666666665,1327893.1666666667,64.37500000000001,58358.0,4.208333333333333
556,Utah,2014,49.0,2099304.0833333335,1415850.5,67.45,1364381.5833333333,64.98333333333333,51468.916666666664,3.633333333333334
557,Utah,2015,49.0,2140901.0,1453624.3333333333,67.88333333333333,1402169.8333333333,65.48333333333333,51454.5,3.5083333333333333
558,Utah,2016,49.0,2193627.0833333335,1500217.9166666667,68.39166666666667,1449932.0833333333,66.09166666666667,50285.833333333336,3.350000000000001
559,Utah,2017,49.0,2248018.0833333335,1545236.1666666667,68.74166666666667,1496614.75,66.59166666666667,48621.416666666664,3.1583333333333337
560,Utah,2018,49.0,2298931.6666666665,1573599.75,68.44999999999997,1527624.5833333333,66.44999999999999,45975.166666666664,2.916666666666666
561,Utah,2019,49.0,2349755.4166666665,1609374.0,68.50000000000001,1568561.25,66.75833333333333,40812.75,2.541666666666666
562,Utah,2020,49.0,2399596.3333333335,1631394.8333333333,68.0,1554846.3333333333,64.8,76548.5,4.7
563,Utah,2021,49.0,2426150.0,1630940.0,67.2,1580869.0,65.2,50071.0,3.1
564,Vermont,2010,50.0,507844.75,359711.6666666667,70.83333333333334,336989.75,66.35833333333333,22721.916666666668,6.316666666666666
565,Vermont,2011,50.0,510271.5833333333,357624.1666666667,70.1,337724.1666666667,66.19166666666668,19900.0,5.566666666666667
566,Vermont,2012,50.0,511491.6666666667,353974.0,69.19166666666666,336951.5833333333,65.86666666666666,17022.416666666668,4.816666666666666
567,Vermont,2013,50.0,512771.1666666667,350255.8333333333,68.30000000000001,334797.5,65.30833333333335,15458.333333333334,4.416666666666666
568,Vermont,2014,50.0,513649.25,348750.6666666667,67.89999999999999,334805.3333333333,65.20000000000002,13945.333333333334,3.9916666666666667
569,Vermont,2015,50.0,514883.9166666667,346507.5833333333,67.30833333333332,334254.9166666667,64.91666666666667,12252.666666666666,3.5333333333333328
570,Vermont,2016,50.0,515410.3333333333,345856.0,67.09166666666668,335021.6666666667,64.97500000000001,10834.333333333334,3.1250000000000004
571,Vermont,2017,50.0,516610.8333333333,347080.4166666667,67.19166666666668,336618.75,65.15,10461.666666666666,3.016666666666666
572,Vermont,2018,50.0,517437.4166666667,346733.25,67.01666666666667,337624.0,65.24166666666669,9109.25,2.641666666666667
573,Vermont,2019,50.0,518183.0,344309.0,66.44166666666666,336376.1666666667,64.90833333333332,7932.833333333333,2.308333333333333
574,Vermont,2020,50.0,518801.5,330201.75,63.63333333333333,311682.4166666667,60.06666666666666,18519.333333333332,5.583333333333333
575,Vermont,2021,50.0,518952.0,314630.0,60.6,304517.0,58.7,10113.0,3.2
576,Virginia,2010,51.0,6144282.75,4163300.5,67.76666666666667,3859241.6666666665,62.808333333333344,304058.8333333333,7.291666666666667
577,Virginia,2011,51.0,6243509.25,4204664.583333333,67.35833333333333,3928555.75,62.9,276108.8333333333,6.541666666666668
578,Virginia,2012,51.0,6319656.916666667,4218174.5,66.75000000000001,3967462.6666666665,62.783333333333324,250711.83333333334,5.95
579,Virginia,2013,51.0,6383104.083333333,4239442.0,66.42499999999998,4003367.0,62.70833333333334,236075.0,5.550000000000001
580,Virginia,2014,51.0,6441177.166666667,4258966.0,66.10000000000001,4040986.75,62.74166666666667,217979.25,5.116666666666666
581,Virginia,2015,51.0,6495053.0,4233488.333333333,65.175,4048007.3333333335,62.34166666666666,185481.0,4.366666666666666
582,Virginia,2016,51.0,6543547.833333333,4254961.25,65.025,4085049.1666666665,62.44166666666667,169912.08333333334,4.000000000000001
583,Virginia,2017,51.0,6598384.166666667,4333468.333333333,65.66666666666667,4174511.1666666665,63.258333333333326,158957.16666666666,3.6666666666666665
584,Virginia,2018,51.0,6640123.166666667,4361199.666666667,65.68333333333334,4232304.083333333,63.73333333333334,128895.58333333333,2.9499999999999997
585,Virginia,2019,51.0,6685066.583333333,4426877.0,66.225,4308789.583333333,64.45,118087.41666666667,2.6666666666666665
586,Virginia,2020,51.0,6724172.666666667,4345441.25,64.63333333333334,4074288.1666666665,60.58333333333334,271153.0833333333,6.266666666666667
587,Virginia,2021,51.0,6739873.0,4253627.0,63.1,4026343.0,59.7,227284.0,5.3
588,Washington,2010,53.0,5245864.25,3457981.9166666665,65.89999999999999,3142072.1666666665,59.90833333333334,315909.75,9.133333333333331
589,Washington,2011,53.0,5311367.416666667,3438842.25,64.74166666666666,3145574.3333333335,59.225,293267.9166666667,8.525
590,Washington,2012,53.0,5380521.416666667,3467973.75,64.45,3202465.75,59.525000000000006,265508.0,7.641666666666667
591,Washington,2013,53.0,5441679.666666667,3460668.0833333335,63.599999999999994,3231662.25,59.408333333333324,229005.83333333334,6.633333333333334
592,Washington,2014,53.0,5522477.333333333,3494823.9166666665,63.26666666666666,3287769.3333333335,59.54166666666666,207054.58333333334,5.925
593,Washington,2015,53.0,5619382.583333333,3555226.4166666665,63.26666666666667,3362233.5833333335,59.824999999999996,192992.83333333334,5.433333333333333
594,Washington,2016,53.0,5731878.0,3649332.6666666665,63.666666666666664,3459286.75,60.349999999999994,190045.91666666666,5.2250000000000005
595,Washington,2017,53.0,5843987.583333333,3724839.5,63.72499999999999,3552827.4166666665,60.79166666666665,172012.08333333334,4.625000000000001
596,Washington,2018,53.0,5936362.166666667,3811658.25,64.20833333333333,3644475.9166666665,61.38333333333333,167182.33333333334,4.383333333333334
597,Washington,2019,53.0,6020891.166666667,3910076.3333333335,64.94166666666668,3747728.3333333335,62.241666666666674,162348.0,4.158333333333333
598,Washington,2020,53.0,6098981.75,3912795.4166666665,64.15,3583955.0,58.75833333333335,328840.4166666667,8.408333333333333
599,Washington,2021,53.0,6136163.0,3835228.0,62.5,3606624.0,58.8,228604.0,6.0
600,West Virginia,2010,54.0,1476456.6666666667,809945.0833333334,54.85833333333333,740003.25,50.12499999999999,69941.83333333333,8.633333333333331
601,West Virginia,2011,54.0,1486488.0833333333,806350.25,54.25,743259.1666666666,49.99166666666667,63091.083333333336,7.825
602,West Virginia,2012,54.0,1488021.5,808226.75,54.30833333333333,749685.5833333334,50.375,58541.166666666664,7.258333333333333
603,West Virginia,2013,54.0,1487022.5833333333,799661.1666666666,53.78333333333334,745972.25,50.15,53688.916666666664,6.716666666666668
604,West Virginia,2014,54.0,1484923.0,795676.0833333334,53.57500000000001,743891.0,50.091666666666676,51785.083333333336,6.5
605,West Virginia,2015,54.0,1480493.0,791617.6666666666,53.46666666666666,739529.8333333334,49.95833333333332,52087.833333333336,6.583333333333335
606,West Virginia,2016,54.0,1474039.5,785058.5833333334,53.25833333333335,737157.8333333334,50.008333333333326,47900.75,6.091666666666666
607,West Virginia,2017,54.0,1464847.4166666667,783679.9166666666,53.49999999999999,742700.6666666666,50.69166666666666,40979.25,5.225
608,West Virginia,2018,54.0,1456176.6666666667,793416.6666666666,54.48333333333335,752094.4166666666,51.65,41322.25,5.2
609,West Virginia,2019,54.0,1449721.0833333333,798390.0833333334,55.05833333333334,759268.0,52.36666666666667,39122.083333333336,4.8999999999999995
610,West Virginia,2020,54.0,1443534.9166666667,791984.25,54.86666666666667,725991.9166666666,50.300000000000004,65992.33333333333,8.358333333333334
611,West Virginia,2021,54.0,1440030.0,796344.0,55.3,744810.0,51.7,51534.0,6.5
612,Wisconsin,2010,55.0,4435706.333333333,3082060.8333333335,69.50833333333334,2820629.8333333335,63.58333333333334,261431.0,8.5
613,Wisconsin,2011,55.0,4457584.0,3071377.3333333335,68.89999999999999,2839578.5833333335,63.699999999999996,231798.75,7.533333333333334
614,Wisconsin,2012,55.0,4480828.25,3070073.5833333335,68.52499999999999,2857314.0,63.774999999999984,212759.58333333334,6.925
615,Wisconsin,2013,55.0,4504761.166666667,3077898.0833333335,68.30833333333334,2873366.0833333335,63.79166666666666,204532.0,6.641666666666667
616,Wisconsin,2014,55.0,4526944.666666667,3077935.5833333335,67.99166666666666,2913619.1666666665,64.35000000000001,164316.41666666666,5.3500000000000005
617,Wisconsin,2015,55.0,4545551.5,3084137.9166666665,67.84166666666665,2947649.3333333335,64.85000000000001,136488.58333333334,4.425
618,Wisconsin,2016,55.0,4566315.083333333,3110442.6666666665,68.125,2988620.8333333335,65.45,121821.83333333333,3.908333333333333
619,Wisconsin,2017,55.0,4589356.916666667,3122091.0,68.05,3020272.6666666665,65.80833333333332,101818.33333333333,3.266666666666667
620,Wisconsin,2018,55.0,4611382.583333333,3106301.6666666665,67.35833333333333,3012485.8333333335,65.325,93815.83333333333,3.0083333333333333
621,Wisconsin,2019,55.0,4634173.0,3094519.0833333335,66.775,2993200.5833333335,64.59166666666667,101318.5,3.274999999999999
622,Wisconsin,2020,55.0,4654778.75,3064974.1666666665,65.84166666666667,2873005.75,61.73333333333333,191968.41666666666,6.275000000000001
623,Wisconsin,2021,55.0,4664495.0,3056452.0,65.5,2939544.0,63.0,116908.0,3.8
624,Wyoming,2010,56.0,430897.1666666667,301903.1666666667,70.075,280956.4166666667,65.225,20946.75,6.9416666666666655
625,Wyoming,2011,56.0,437131.75,302860.3333333333,69.27499999999999,284260.3333333333,65.02500000000002,18600.0,6.133333333333333
626,Wyoming,2012,56.0,443927.9166666667,303803.1666666667,68.425,287142.25,64.675,16660.916666666668,5.5
627,Wyoming,2013,56.0,448554.3333333333,302209.4166666667,67.36666666666669,287870.4166666667,64.18333333333334,14339.0,4.733333333333333
628,Wyoming,2014,56.0,449699.5,302865.0833333333,67.35833333333333,289698.5833333333,64.425,13166.5,4.341666666666666
629,Wyoming,2015,56.0,451235.1666666667,301676.75,66.83333333333334,288926.9166666667,64.03333333333333,12749.833333333334,4.208333333333333
630,Wyoming,2016,56.0,450991.5833333333,300464.4166666667,66.61666666666666,284449.75,63.058333333333316,16014.666666666666,5.333333333333333
631,Wyoming,2017,56.0,448911.6666666667,295905.5,65.90833333333333,283133.8333333333,63.07499999999999,12771.666666666666,4.308333333333333
632,Wyoming,2018,56.0,449204.6666666667,294850.75,65.64166666666667,282941.6666666667,62.98333333333334,11909.083333333334,4.0249999999999995
633,Wyoming,2019,56.0,451410.4166666667,296318.9166666667,65.64166666666665,285305.5,63.208333333333336,11013.416666666666,3.733333333333334
634,Wyoming,2020,56.0,454390.3333333333,296781.25,65.30833333333332,279369.5833333333,61.49166666666665,17411.666666666668,5.858333333333333
635,Wyoming,2021,56.0,456106.0,295089.0,64.7,280009.0,61.4,15080.0,5.1
