,FIPS_Code,State,Year,Month,Civilian_Pop,Civilian_Labor_Force,Labor_Force_Pct,Employed_Total,Employed_Pct,Unemployed_Total,Unemployed_Rate,Population,gdp,treatment
144,16,Idaho,2010,1,1157503,762726,65.9,693074,59.9,69652,9.1,1570746.0,57952.9,0
145,16,Idaho,2010,2,1158417,763525,65.9,694203,59.9,69322,9.1,1570746.0,57952.9,0
146,16,Idaho,2010,3,1159426,763983,65.9,695240,60.0,68743,9.0,1570746.0,57952.9,0
147,16,Idaho,2010,4,1163327,764012,65.7,696013,59.8,67999,8.9,1570746.0,57952.9,0
148,16,Idaho,2010,5,1164326,763624,65.6,696473,59.8,67151,8.8,1570746.0,57952.9,0
149,16,Idaho,2010,6,1165402,762884,65.5,696497,59.8,66387,8.7,1570746.0,57952.9,0
150,16,Idaho,2010,7,1166472,761967,65.3,696118,59.7,65849,8.6,1570746.0,57952.9,0
151,16,Idaho,2010,8,1167725,761137,65.2,695586,59.6,65551,8.6,1570746.0,57952.9,0
152,16,Idaho,2010,9,1168906,760571,65.1,695155,59.5,65416,8.6,1570746.0,57952.9,0
153,16,Idaho,2010,10,1170177,760364,65.0,695058,59.4,65306,8.6,1570746.0,57952.9,0
154,16,Idaho,2010,11,1171219,760441,64.9,695300,59.4,65141,8.6,1570746.0,57952.9,0
155,16,Idaho,2010,12,1172254,760670,64.9,695790,59.4,64880,8.5,1570746.0,57952.9,0
180,19,Iowa,2010,1,2341680,1668161,71.2,1560395,66.6,107766,6.5,3050745.0,150099.2,0
181,19,Iowa,2010,2,2342488,1671781,71.4,1564951,66.8,106830,6.4,3050745.0,150099.2,0
182,19,Iowa,2010,3,2343400,1675368,71.5,1570007,67.0,105361,6.3,3050745.0,150099.2,0
183,19,Iowa,2010,4,2358250,1677557,71.1,1573836,66.7,103721,6.2,3050745.0,150099.2,0
184,19,Iowa,2010,5,2359389,1677764,71.1,1575622,66.8,102142,6.1,3050745.0,150099.2,0
185,19,Iowa,2010,6,2360458,1676132,71.0,1575290,66.7,100842,6.0,3050745.0,150099.2,0
186,19,Iowa,2010,7,2361712,1673866,70.9,1573698,66.6,100168,6.0,3050745.0,150099.2,0
187,19,Iowa,2010,8,2363261,1672341,70.8,1572218,66.5,100123,6.0,3050745.0,150099.2,0
188,19,Iowa,2010,9,2364850,1672191,70.7,1571768,66.5,100423,6.0,3050745.0,150099.2,0
189,19,Iowa,2010,10,2366432,1673392,70.7,1572819,66.5,100573,6.0,3050745.0,150099.2,0
190,19,Iowa,2010,11,2367571,1675189,70.8,1574964,66.5,100225,6.0,3050745.0,150099.2,0
191,19,Iowa,2010,12,2368633,1676546,70.8,1577238,66.6,99308,5.9,3050745.0,150099.2,0
192,20,Kansas,2010,1,2138455,1502302,70.3,1394052,65.2,108250,7.2,2858190.0,135182.0,0
193,20,Kansas,2010,2,2139596,1502043,70.2,1394188,65.2,107855,7.2,2858190.0,135182.0,0
194,20,Kansas,2010,3,2140798,1501694,70.1,1394805,65.2,106889,7.1,2858190.0,135182.0,0
195,20,Kansas,2010,4,2147765,1501224,69.9,1395682,65.0,105542,7.0,2858190.0,135182.0,0
196,20,Kansas,2010,5,2148511,1500581,69.8,1396641,65.0,103940,6.9,2858190.0,135182.0,0
197,20,Kansas,2010,6,2149335,1499954,69.8,1397316,65.0,102638,6.8,2858190.0,135182.0,0
198,20,Kansas,2010,7,2150262,1499521,69.7,1397499,65.0,102022,6.8,2858190.0,135182.0,0
199,20,Kansas,2010,8,2151610,1499329,69.7,1397291,64.9,102038,6.8,2858190.0,135182.0,0
200,20,Kansas,2010,9,2152775,1499286,69.6,1396809,64.9,102477,6.8,2858190.0,135182.0,0
201,20,Kansas,2010,10,2154068,1499560,69.6,1396563,64.8,102997,6.9,2858190.0,135182.0,0
202,20,Kansas,2010,11,2155106,1499951,69.6,1396803,64.8,103148,6.9,2858190.0,135182.0,0
203,20,Kansas,2010,12,2156053,1500190,69.6,1397503,64.8,102687,6.8,2858190.0,135182.0,0
324,31,Nebraska,2010,1,1370014,987372,72.1,938545,68.5,48827,4.9,1829542.0,97830.1,1
325,31,Nebraska,2010,2,1370817,988776,72.1,939919,68.6,48857,4.9,1829542.0,97830.1,1
326,31,Nebraska,2010,3,1371688,990060,72.2,941517,68.6,48543,4.9,1829542.0,97830.1,1
327,31,Nebraska,2010,4,1388012,991039,71.4,943174,68.0,47865,4.8,1829542.0,97830.1,1
328,31,Nebraska,2010,5,1388844,991699,71.4,944751,68.0,46948,4.7,1829542.0,97830.1,1
329,31,Nebraska,2010,6,1389679,992091,71.4,945979,68.1,46112,4.6,1829542.0,97830.1,1
330,31,Nebraska,2010,7,1390608,992335,71.4,946748,68.1,45587,4.6,1829542.0,97830.1,1
331,31,Nebraska,2010,8,1391584,992637,71.3,947230,68.1,45407,4.6,1829542.0,97830.1,1
332,31,Nebraska,2010,9,1392543,993061,71.3,947558,68.0,45503,4.6,1829542.0,97830.1,1
333,31,Nebraska,2010,10,1393532,993816,71.3,948117,68.0,45699,4.6,1829542.0,97830.1,1
334,31,Nebraska,2010,11,1394320,994951,71.4,949114,68.1,45837,4.6,1829542.0,97830.1,1
335,31,Nebraska,2010,12,1395040,996345,71.4,950496,68.1,45849,4.6,1829542.0,97830.1,1
492,46,South Dakota,2010,1,621730,440408,70.8,419140,67.4,21268,4.8,816166.0,40367.3,1
493,46,South Dakota,2010,2,622261,441293,70.9,419724,67.5,21569,4.9,816166.0,40367.3,1
494,46,South Dakota,2010,3,622857,442184,71.0,420409,67.5,21775,4.9,816166.0,40367.3,1
495,46,South Dakota,2010,4,616161,442991,71.9,421101,68.3,21890,4.9,816166.0,40367.3,1
496,46,South Dakota,2010,5,616674,443666,71.9,421758,68.4,21908,4.9,816166.0,40367.3,1
497,46,South Dakota,2010,6,617171,444123,72.0,422282,68.4,21841,4.9,816166.0,40367.3,1
498,46,South Dakota,2010,7,617702,444371,71.9,422617,68.4,21754,4.9,816166.0,40367.3,1
499,46,South Dakota,2010,8,618315,444504,71.9,422804,68.4,21700,4.9,816166.0,40367.3,1
500,46,South Dakota,2010,9,618888,444594,71.8,422872,68.3,21722,4.9,816166.0,40367.3,1
501,46,South Dakota,2010,10,619458,444813,71.8,422952,68.3,21861,4.9,816166.0,40367.3,1
502,46,South Dakota,2010,11,619991,445167,71.8,423105,68.2,22062,5.0,816166.0,40367.3,1
503,46,South Dakota,2010,12,620480,445503,71.8,423307,68.2,22196,5.0,816166.0,40367.3,1
576,54,West Virginia,2010,1,1455955,807671,55.5,735302,50.5,72369,9.0,1854239.0,68474.0,1
577,54,West Virginia,2010,2,1456112,809095,55.6,736973,50.6,72122,8.9,1854239.0,68474.0,1
578,54,West Virginia,2010,3,1456324,810179,55.6,738804,50.7,71375,8.8,1854239.0,68474.0,1
579,54,West Virginia,2010,4,1481245,810822,54.7,740453,50.0,70369,8.7,1854239.0,68474.0,1
580,54,West Virginia,2010,5,1481729,811064,54.7,741736,50.1,69328,8.5,1854239.0,68474.0,1
581,54,West Virginia,2010,6,1482223,810955,54.7,742393,50.1,68562,8.5,1854239.0,68474.0,1
582,54,West Virginia,2010,7,1482773,810702,54.7,742317,50.1,68385,8.4,1854239.0,68474.0,1
583,54,West Virginia,2010,8,1483292,810504,54.6,741710,50.0,68794,8.5,1854239.0,68474.0,1
584,54,West Virginia,2010,9,1483823,810266,54.6,740860,49.9,69406,8.6,1854239.0,68474.0,1
585,54,West Virginia,2010,10,1484399,809927,54.6,740140,49.9,69787,8.6,1854239.0,68474.0,1
586,54,West Virginia,2010,11,1484694,809442,54.5,739736,49.8,69706,8.6,1854239.0,68474.0,1
587,54,West Virginia,2010,12,1484911,808714,54.5,739615,49.8,69099,8.5,1854239.0,68474.0,1
756,16,Idaho,2011,1,1173278,761044,64.9,696460,59.4,64584,8.5,1583910.0,57825.3,0
757,16,Idaho,2011,2,1174126,761435,64.9,697172,59.4,64263,8.4,1583910.0,57825.3,0
758,16,Idaho,2011,3,1175062,761692,64.8,697768,59.4,63924,8.4,1583910.0,57825.3,0
759,16,Idaho,2011,4,1176067,761780,64.8,698168,59.4,63612,8.4,1583910.0,57825.3,0
760,16,Idaho,2011,5,1177152,761901,64.7,698553,59.3,63348,8.3,1583910.0,57825.3,0
761,16,Idaho,2011,6,1178222,762271,64.7,699223,59.3,63048,8.3,1583910.0,57825.3,0
762,16,Idaho,2011,7,1179418,763074,64.7,700436,59.4,62638,8.2,1583910.0,57825.3,0
763,16,Idaho,2011,8,1180641,764301,64.7,702187,59.5,62114,8.1,1583910.0,57825.3,0
764,16,Idaho,2011,9,1181963,765783,64.8,704282,59.6,61501,8.0,1583910.0,57825.3,0
765,16,Idaho,2011,10,1183280,767335,64.8,706484,59.7,60851,7.9,1583910.0,57825.3,0
766,16,Idaho,2011,11,1184380,768639,64.9,708451,59.8,60188,7.8,1583910.0,57825.3,0
767,16,Idaho,2011,12,1185520,769548,64.9,709965,59.9,59583,7.7,1583910.0,57825.3,0
792,19,Iowa,2011,1,2369761,1676887,70.8,1578751,66.6,98136,5.9,3066336.0,152153.2,0
793,19,Iowa,2011,2,2370604,1676002,70.7,1579056,66.6,96946,5.8,3066336.0,152153.2,0
794,19,Iowa,2011,3,2371487,1674053,70.6,1578220,66.5,95833,5.7,3066336.0,152153.2,0
795,19,Iowa,2011,4,2372558,1671639,70.5,1576628,66.5,95011,5.7,3066336.0,152153.2,0
796,19,Iowa,2011,5,2373762,1669479,70.3,1574841,66.3,94638,5.7,3066336.0,152153.2,0
797,19,Iowa,2011,6,2374926,1668016,70.2,1573438,66.3,94578,5.7,3066336.0,152153.2,0
798,19,Iowa,2011,7,2376369,1667412,70.2,1572853,66.2,94559,5.7,3066336.0,152153.2,0
799,19,Iowa,2011,8,2377594,1667469,70.1,1573169,66.2,94300,5.7,3066336.0,152153.2,0
800,19,Iowa,2011,9,2379045,1667811,70.1,1574205,66.2,93606,5.6,3066336.0,152153.2,0
801,19,Iowa,2011,10,2380345,1668085,70.1,1575631,66.2,92454,5.5,3066336.0,152153.2,0
802,19,Iowa,2011,11,2381354,1667807,70.0,1576906,66.2,90901,5.5,3066336.0,152153.2,0
803,19,Iowa,2011,12,2382411,1666736,70.0,1577591,66.2,89145,5.3,3066336.0,152153.2,0
804,20,Kansas,2011,1,2156803,1500267,69.6,1398503,64.8,101764,6.8,2869225.0,138782.0,0
805,20,Kansas,2011,2,2157303,1499954,69.5,1399506,64.9,100448,6.7,2869225.0,138782.0,0
806,20,Kansas,2011,3,2158094,1499072,69.5,1400245,64.9,98827,6.6,2869225.0,138782.0,0
807,20,Kansas,2011,4,2158718,1497707,69.4,1400475,64.9,97232,6.5,2869225.0,138782.0,0
808,20,Kansas,2011,5,2159579,1496444,69.3,1400405,64.8,96039,6.4,2869225.0,138782.0,0
809,20,Kansas,2011,6,2160579,1495824,69.2,1400534,64.8,95290,6.4,2869225.0,138782.0,0
810,20,Kansas,2011,7,2161702,1496109,69.2,1401222,64.8,94887,6.3,2869225.0,138782.0,0
811,20,Kansas,2011,8,2163057,1497076,69.2,1402453,64.8,94623,6.3,2869225.0,138782.0,0
812,20,Kansas,2011,9,2164394,1498090,69.2,1403990,64.9,94100,6.3,2869225.0,138782.0,0
813,20,Kansas,2011,10,2165921,1498563,69.2,1405412,64.9,93151,6.2,2869225.0,138782.0,0
814,20,Kansas,2011,11,2166958,1498063,69.1,1406203,64.9,91860,6.1,2869225.0,138782.0,0
815,20,Kansas,2011,12,2167913,1496515,69.0,1406144,64.9,90371,6.0,2869225.0,138782.0,0
936,31,Nebraska,2011,1,1395701,997896,71.5,952121,68.2,45775,4.6,1840672.0,102685.1,1
937,31,Nebraska,2011,2,1396240,999312,71.6,953729,68.3,45583,4.6,1840672.0,102685.1,1
938,31,Nebraska,2011,3,1396850,1000380,71.6,955070,68.4,45310,4.5,1840672.0,102685.1,1
939,31,Nebraska,2011,4,1397510,1000982,71.6,955970,68.4,45012,4.5,1840672.0,102685.1,1
940,31,Nebraska,2011,5,1398234,1001373,71.6,956621,68.4,44752,4.5,1840672.0,102685.1,1
941,31,Nebraska,2011,6,1399025,1001954,71.6,957429,68.4,44525,4.4,1840672.0,102685.1,1
942,31,Nebraska,2011,7,1399924,1003040,71.6,958709,68.5,44331,4.4,1840672.0,102685.1,1
943,31,Nebraska,2011,8,1400978,1004575,71.7,960475,68.6,44100,4.4,1840672.0,102685.1,1
944,31,Nebraska,2011,9,1402092,1006289,71.8,962554,68.7,43735,4.3,1840672.0,102685.1,1
945,31,Nebraska,2011,10,1403237,1007812,71.8,964612,68.7,43200,4.3,1840672.0,102685.1,1
946,31,Nebraska,2011,11,1404152,1008729,71.8,966232,68.8,42497,4.2,1840672.0,102685.1,1
947,31,Nebraska,2011,12,1405024,1008982,71.8,967276,68.8,41706,4.1,1840672.0,102685.1,1
1104,46,South Dakota,2011,1,620930,445750,71.8,423555,68.2,22195,5.0,823579.0,42947.2,1
1105,46,South Dakota,2011,2,621347,445841,71.8,423826,68.2,22015,4.9,823579.0,42947.2,1
1106,46,South Dakota,2011,3,621785,445721,71.7,424072,68.2,21649,4.9,823579.0,42947.2,1
1107,46,South Dakota,2011,4,622244,445389,71.6,424206,68.2,21183,4.8,823579.0,42947.2,1
1108,46,South Dakota,2011,5,622712,445018,71.5,424275,68.1,20743,4.7,823579.0,42947.2,1
1109,46,South Dakota,2011,6,623226,444826,71.4,424436,68.1,20390,4.6,823579.0,42947.2,1
1110,46,South Dakota,2011,7,623778,444961,71.3,424835,68.1,20126,4.5,823579.0,42947.2,1
1111,46,South Dakota,2011,8,624513,445413,71.3,425492,68.1,19921,4.5,823579.0,42947.2,1
1112,46,South Dakota,2011,9,625300,446041,71.3,426311,68.2,19730,4.4,823579.0,42947.2,1
1113,46,South Dakota,2011,10,626067,446633,71.3,427114,68.2,19519,4.4,823579.0,42947.2,1
1114,46,South Dakota,2011,11,626751,446983,71.3,427729,68.2,19254,4.3,823579.0,42947.2,1
1115,46,South Dakota,2011,12,627398,447025,71.3,428081,68.2,18944,4.2,823579.0,42947.2,1
1188,54,West Virginia,2011,1,1485172,807822,54.4,739734,49.8,68088,8.4,1856301.0,69577.2,1
1189,54,West Virginia,2011,2,1485303,806776,54.3,739946,49.8,66830,8.3,1856301.0,69577.2,1
1190,54,West Virginia,2011,3,1485448,805513,54.2,740073,49.8,65440,8.1,1856301.0,69577.2,1
1191,54,West Virginia,2011,4,1485693,804257,54.1,740071,49.8,64186,8.0,1856301.0,69577.2,1
1192,54,West Virginia,2011,5,1486023,803485,54.1,740139,49.8,63346,7.9,1856301.0,69577.2,1
1193,54,West Virginia,2011,6,1486332,803534,54.1,740625,49.8,62909,7.8,1856301.0,69577.2,1
1194,54,West Virginia,2011,7,1486799,804493,54.1,741792,49.9,62701,7.8,1856301.0,69577.2,1
1195,54,West Virginia,2011,8,1487001,806051,54.2,743580,50.0,62471,7.8,1856301.0,69577.2,1
1196,54,West Virginia,2011,9,1487296,807653,54.3,745687,50.1,61966,7.7,1856301.0,69577.2,1
1197,54,West Virginia,2011,10,1487533,808794,54.4,747742,50.3,61052,7.5,1856301.0,69577.2,1
1198,54,West Virginia,2011,11,1487590,809104,54.4,749353,50.4,59751,7.4,1856301.0,69577.2,1
1199,54,West Virginia,2011,12,1487667,808721,54.4,750368,50.4,58353,7.2,1856301.0,69577.2,1
1368,16,Idaho,2012,1,1186669,770197,64.9,711077,59.9,59120,7.7,1595324.0,57780.1,0
1369,16,Idaho,2012,2,1187686,770719,64.9,711923,59.9,58796,7.6,1595324.0,57780.1,0
1370,16,Idaho,2012,3,1188795,771103,64.9,712536,59.9,58567,7.6,1595324.0,57780.1,0
1371,16,Idaho,2012,4,1189917,771346,64.8,713010,59.9,58336,7.6,1595324.0,57780.1,0
1372,16,Idaho,2012,5,1191067,771563,64.8,713524,59.9,58039,7.5,1595324.0,57780.1,0
1373,16,Idaho,2012,6,1192291,771845,64.7,714218,59.9,57627,7.5,1595324.0,57780.1,0
1374,16,Idaho,2012,7,1193509,772210,64.7,715144,59.9,57066,7.4,1595324.0,57780.1,0
1375,16,Idaho,2012,8,1194918,772638,64.7,716202,59.9,56436,7.3,1595324.0,57780.1,0
1376,16,Idaho,2012,9,1196379,773091,64.6,717238,60.0,55853,7.2,1595324.0,57780.1,0
1377,16,Idaho,2012,10,1197771,773385,64.6,718040,59.9,55345,7.2,1595324.0,57780.1,0
1378,16,Idaho,2012,11,1199143,773460,64.5,718524,59.9,54936,7.1,1595324.0,57780.1,0
1379,16,Idaho,2012,12,1200386,773323,64.4,718703,59.9,54620,7.1,1595324.0,57780.1,0
1404,19,Iowa,2012,1,2383466,1665187,69.9,1577773,66.2,87414,5.2,3076190.0,157838.6,0
1405,19,Iowa,2012,2,2384208,1663580,69.8,1577533,66.2,86047,5.2,3076190.0,157838.6,0
1406,19,Iowa,2012,3,2385211,1662015,69.7,1576690,66.1,85325,5.1,3076190.0,157838.6,0
1407,19,Iowa,2012,4,2386148,1660230,69.6,1575227,66.0,85003,5.1,3076190.0,157838.6,0
1408,19,Iowa,2012,5,2387179,1658427,69.5,1573642,65.9,84785,5.1,3076190.0,157838.6,0
1409,19,Iowa,2012,6,2388331,1657167,69.4,1572697,65.8,84470,5.1,3076190.0,157838.6,0
1410,19,Iowa,2012,7,2389557,1656736,69.3,1572880,65.8,83856,5.1,3076190.0,157838.6,0
1411,19,Iowa,2012,8,2391195,1657235,69.3,1574109,65.8,83126,5.0,3076190.0,157838.6,0
1412,19,Iowa,2012,9,2393002,1658681,69.3,1576085,65.9,82596,5.0,3076190.0,157838.6,0
1413,19,Iowa,2012,10,2394680,1660482,69.3,1578228,65.9,82254,5.0,3076190.0,157838.6,0
1414,19,Iowa,2012,11,2396074,1661913,69.4,1579766,65.9,82147,4.9,3076190.0,157838.6,0
1415,19,Iowa,2012,12,2397326,1662647,69.4,1580457,65.9,82190,4.9,3076190.0,157838.6,0
1416,20,Kansas,2012,1,2168823,1494362,68.9,1405492,64.8,88870,5.9,2885257.0,140764.1,0
1417,20,Kansas,2012,2,2169771,1492333,68.8,1404669,64.7,87664,5.9,2885257.0,140764.1,0
1418,20,Kansas,2012,3,2170593,1490738,68.7,1403751,64.7,86987,5.8,2885257.0,140764.1,0
1419,20,Kansas,2012,4,2171582,1489485,68.6,1402934,64.6,86551,5.8,2885257.0,140764.1,0
1420,20,Kansas,2012,5,2172714,1488736,68.5,1402661,64.6,86075,5.8,2885257.0,140764.1,0
1421,20,Kansas,2012,6,2173881,1488524,68.5,1403130,64.5,85394,5.7,2885257.0,140764.1,0
1422,20,Kansas,2012,7,2175109,1488847,68.4,1404335,64.6,84512,5.7,2885257.0,140764.1,0
1423,20,Kansas,2012,8,2176025,1489743,68.5,1405991,64.6,83752,5.6,2885257.0,140764.1,0
1424,20,Kansas,2012,9,2176962,1491050,68.5,1407653,64.7,83397,5.6,2885257.0,140764.1,0
1425,20,Kansas,2012,10,2177847,1492122,68.5,1408760,64.7,83362,5.6,2885257.0,140764.1,0
1426,20,Kansas,2012,11,2178728,1492672,68.5,1409248,64.7,83424,5.6,2885257.0,140764.1,0
1427,20,Kansas,2012,12,2179407,1492648,68.5,1409265,64.7,83383,5.6,2885257.0,140764.1,0
1548,31,Nebraska,2012,1,1405885,1008839,71.8,967953,68.9,40886,4.1,1853303.0,102605.3,1
1549,31,Nebraska,2012,2,1406707,1008717,71.7,968546,68.9,40171,4.0,1853303.0,102605.3,1
1550,31,Nebraska,2012,3,1407566,1008820,71.7,969077,68.8,39743,3.9,1853303.0,102605.3,1
1551,31,Nebraska,2012,4,1408411,1009179,71.7,969646,68.8,39533,3.9,1853303.0,102605.3,1
1552,31,Nebraska,2012,5,1409361,1009977,71.7,970546,68.9,39431,3.9,1853303.0,102605.3,1
1553,31,Nebraska,2012,6,1410340,1011216,71.7,971883,68.9,39333,3.9,1853303.0,102605.3,1
1554,31,Nebraska,2012,7,1411388,1012787,71.8,973628,69.0,39159,3.9,1853303.0,102605.3,1
1555,31,Nebraska,2012,8,1412373,1014558,71.8,975571,69.1,38987,3.8,1853303.0,102605.3,1
1556,31,Nebraska,2012,9,1413365,1016381,71.9,977411,69.2,38970,3.8,1853303.0,102605.3,1
1557,31,Nebraska,2012,10,1414318,1017762,72.0,978737,69.2,39025,3.8,1853303.0,102605.3,1
1558,31,Nebraska,2012,11,1415169,1018499,72.0,979433,69.2,39066,3.8,1853303.0,102605.3,1
1559,31,Nebraska,2012,12,1415931,1018587,71.9,979573,69.2,39014,3.8,1853303.0,102605.3,1
1716,46,South Dakota,2012,1,628071,446838,71.1,428215,68.2,18623,4.2,833566.0,43550.7,1
1717,46,South Dakota,2012,2,628681,446604,71.0,428238,68.1,18366,4.1,833566.0,43550.7,1
1718,46,South Dakota,2012,3,629348,446419,70.9,428181,68.0,18238,4.1,833566.0,43550.7,1
1719,46,South Dakota,2012,4,629978,446316,70.8,428107,68.0,18209,4.1,833566.0,43550.7,1
1720,46,South Dakota,2012,5,630688,446395,70.8,428150,67.9,18245,4.1,833566.0,43550.7,1
1721,46,South Dakota,2012,6,631429,446684,70.7,428374,67.8,18310,4.1,833566.0,43550.7,1
1722,46,South Dakota,2012,7,632148,447093,70.7,428772,67.8,18321,4.1,833566.0,43550.7,1
1723,46,South Dakota,2012,8,632789,447503,70.7,429274,67.8,18229,4.1,833566.0,43550.7,1
1724,46,South Dakota,2012,9,633461,447850,70.7,429788,67.8,18062,4.0,833566.0,43550.7,1
1725,46,South Dakota,2012,10,634099,448011,70.7,430176,67.8,17835,4.0,833566.0,43550.7,1
1726,46,South Dakota,2012,11,634713,447969,70.6,430360,67.8,17609,3.9,833566.0,43550.7,1
1727,46,South Dakota,2012,12,635283,447801,70.5,430364,67.7,17437,3.9,833566.0,43550.7,1
1800,54,West Virginia,2012,1,1487764,808113,54.3,750875,50.5,57238,7.1,1856872.0,69335.6,1
1801,54,West Virginia,2012,2,1487648,807794,54.3,751038,50.5,56756,7.0,1856872.0,69335.6,1
1802,54,West Virginia,2012,3,1487710,807907,54.3,750858,50.5,57049,7.1,1856872.0,69335.6,1
1803,54,West Virginia,2012,4,1487732,808217,54.3,750339,50.4,57878,7.2,1856872.0,69335.6,1
1804,54,West Virginia,2012,5,1487780,808594,54.3,749734,50.4,58860,7.3,1856872.0,69335.6,1
1805,54,West Virginia,2012,6,1487910,808884,54.4,749257,50.4,59627,7.4,1856872.0,69335.6,1
1806,54,West Virginia,2012,7,1488109,808914,54.4,748988,50.3,59926,7.4,1856872.0,69335.6,1
1807,54,West Virginia,2012,8,1488197,808788,54.3,748953,50.3,59835,7.4,1856872.0,69335.6,1
1808,54,West Virginia,2012,9,1488356,808686,54.3,749108,50.3,59578,7.4,1856872.0,69335.6,1
1809,54,West Virginia,2012,10,1488439,808416,54.3,749232,50.3,59184,7.3,1856872.0,69335.6,1
1810,54,West Virginia,2012,11,1488374,807801,54.3,749142,50.3,58659,7.3,1856872.0,69335.6,1
1811,54,West Virginia,2012,12,1488239,806607,54.2,748703,50.3,57904,7.2,1856872.0,69335.6,1
1980,16,Idaho,2013,1,1201563,773064,64.3,718684,59.8,54380,7.0,1611206.0,59966.8,0
1981,16,Idaho,2013,2,1202567,773031,64.3,718812,59.8,54219,7.0,1611206.0,59966.8,0
1982,16,Idaho,2013,3,1203694,773507,64.3,719407,59.8,54100,7.0,1611206.0,59966.8,0
1983,16,Idaho,2013,4,1204876,774575,64.3,720581,59.8,53994,7.0,1611206.0,59966.8,0
1984,16,Idaho,2013,5,1206138,776008,64.3,722073,59.9,53935,7.0,1611206.0,59966.8,0
1985,16,Idaho,2013,6,1207515,777564,64.4,723613,59.9,53951,6.9,1611206.0,59966.8,0
1986,16,Idaho,2013,7,1208893,779087,64.4,725099,60.0,53988,6.9,1611206.0,59966.8,0
1987,16,Idaho,2013,8,1210463,780447,64.5,726569,60.0,53878,6.9,1611206.0,59966.8,0
1988,16,Idaho,2013,9,1212088,781625,64.5,728067,60.1,53558,6.9,1611206.0,59966.8,0
1989,16,Idaho,2013,10,1213707,782755,64.5,729577,60.1,53178,6.8,1611206.0,59966.8,0
1990,16,Idaho,2013,11,1215253,781042,64.3,731179,60.2,49863,6.4,1611206.0,59966.8,0
1991,16,Idaho,2013,12,1216693,779488,64.1,732868,60.2,46620,6.0,1611206.0,59966.8,0
2016,19,Iowa,2013,1,2398438,1662643,69.3,1580382,65.9,82261,4.9,3092997.0,157902.5,0
2017,19,Iowa,2013,2,2399210,1662690,69.3,1580469,65.9,82221,4.9,3092997.0,157902.5,0
2018,19,Iowa,2013,3,2400220,1664171,69.3,1582269,65.9,81902,4.9,3092997.0,157902.5,0
2019,19,Iowa,2013,4,2401380,1668153,69.5,1586806,66.1,81347,4.9,3092997.0,157902.5,0
2020,19,Iowa,2013,5,2402634,1673821,69.7,1593137,66.3,80684,4.8,3092997.0,157902.5,0
2021,19,Iowa,2013,6,2404245,1679506,69.9,1599483,66.5,80023,4.8,3092997.0,157902.5,0
2022,19,Iowa,2013,7,2405753,1683993,70.0,1604608,66.7,79385,4.7,3092997.0,157902.5,0
2023,19,Iowa,2013,8,2407129,1686408,70.1,1607835,66.8,78573,4.7,3092997.0,157902.5,0
2024,19,Iowa,2013,9,2408648,1686554,70.0,1609044,66.8,77510,4.6,3092997.0,157902.5,0
2025,19,Iowa,2013,10,2410150,1685404,69.9,1608832,66.8,76572,4.5,3092997.0,157902.5,0
2026,19,Iowa,2013,11,2411521,1684452,69.9,1608558,66.7,75894,4.5,3092997.0,157902.5,0
2027,19,Iowa,2013,12,2412622,1684792,69.8,1609386,66.7,75406,4.5,3092997.0,157902.5,0
2028,20,Kansas,2013,1,2179995,1492010,68.4,1408859,64.6,83151,5.6,2893212.0,140355.8,0
2029,20,Kansas,2013,2,2180283,1491109,68.4,1408465,64.6,82644,5.5,2893212.0,140355.8,0
2030,20,Kansas,2013,3,2180605,1490526,68.4,1408599,64.6,81927,5.5,2893212.0,140355.8,0
2031,20,Kansas,2013,4,2180991,1490653,68.3,1409461,64.6,81192,5.4,2893212.0,140355.8,0
2032,20,Kansas,2013,5,2181864,1491094,68.3,1410482,64.6,80612,5.4,2893212.0,140355.8,0
2033,20,Kansas,2013,6,2182471,1491270,68.3,1411118,64.7,80152,5.4,2893212.0,140355.8,0
2034,20,Kansas,2013,7,2183388,1490847,68.3,1411224,64.6,79623,5.3,2893212.0,140355.8,0
2035,20,Kansas,2013,8,2184718,1489665,68.2,1411057,64.6,78608,5.3,2893212.0,140355.8,0
2036,20,Kansas,2013,9,2185822,1488146,68.1,1411091,64.6,77055,5.2,2893212.0,140355.8,0
2037,20,Kansas,2013,10,2186901,1487170,68.0,1411799,64.6,75371,5.1,2893212.0,140355.8,0
2038,20,Kansas,2013,11,2187720,1487212,68.0,1413405,64.6,73807,5.0,2893212.0,140355.8,0
2039,20,Kansas,2013,12,2188613,1488263,68.0,1415787,64.7,72476,4.9,2893212.0,140355.8,0
2160,31,Nebraska,2013,1,1416648,1018110,71.9,979223,69.1,38887,3.8,1865279.0,103974.8,1
2161,31,Nebraska,2013,2,1417132,1017500,71.8,978771,69.1,38729,3.8,1865279.0,103974.8,1
2162,31,Nebraska,2013,3,1417718,1017147,71.7,978654,69.0,38493,3.8,1865279.0,103974.8,1
2163,31,Nebraska,2013,4,1418345,1017223,71.7,978991,69.0,38232,3.8,1865279.0,103974.8,1
2164,31,Nebraska,2013,5,1419166,1017337,71.7,979326,69.0,38011,3.7,1865279.0,103974.8,1
2165,31,Nebraska,2013,6,1420027,1017004,71.6,979203,69.0,37801,3.7,1865279.0,103974.8,1
2166,31,Nebraska,2013,7,1420974,1015997,71.5,978454,68.9,37543,3.7,1865279.0,103974.8,1
2167,31,Nebraska,2013,8,1422003,1014398,71.3,977305,68.7,37093,3.7,1865279.0,103974.8,1
2168,31,Nebraska,2013,9,1423047,1012637,71.2,976235,68.6,36402,3.6,1865279.0,103974.8,1
2169,31,Nebraska,2013,10,1424077,1011485,71.0,975674,68.5,35811,3.5,1865279.0,103974.8,1
2170,31,Nebraska,2013,11,1424973,1011351,71.0,975833,68.5,35518,3.5,1865279.0,103974.8,1
2171,31,Nebraska,2013,12,1425825,1012031,71.0,976601,68.5,35430,3.5,1865279.0,103974.8,1
2328,46,South Dakota,2013,1,635838,447554,70.4,430244,67.7,17310,3.9,842316.0,43737.7,1
2329,46,South Dakota,2013,2,636282,447340,70.3,430138,67.6,17202,3.8,842316.0,43737.7,1
2330,46,South Dakota,2013,3,636784,447292,70.2,430213,67.6,17079,3.8,842316.0,43737.7,1
2331,46,South Dakota,2013,4,637283,447485,70.2,430546,67.6,16939,3.8,842316.0,43737.7,1
2332,46,South Dakota,2013,5,637876,447737,70.2,430933,67.6,16804,3.8,842316.0,43737.7,1
2333,46,South Dakota,2013,6,638483,447878,70.1,431179,67.5,16699,3.7,842316.0,43737.7,1
2334,46,South Dakota,2013,7,639124,447845,70.1,431221,67.5,16624,3.7,842316.0,43737.7,1
2335,46,South Dakota,2013,8,639598,447657,70.0,431138,67.4,16519,3.7,842316.0,43737.7,1
2336,46,South Dakota,2013,9,640070,447422,69.9,431095,67.4,16327,3.6,842316.0,43737.7,1
2337,46,South Dakota,2013,10,640521,447347,69.8,431256,67.3,16091,3.6,842316.0,43737.7,1
2338,46,South Dakota,2013,11,640938,447564,69.8,431702,67.4,15862,3.5,842316.0,43737.7,1
2339,46,South Dakota,2013,12,641316,448026,69.9,432363,67.4,15663,3.5,842316.0,43737.7,1
2412,54,West Virginia,2013,1,1487993,804803,54.1,747905,50.3,56898,7.1,1853914.0,70121.2,1
2413,54,West Virginia,2013,2,1487540,802827,54.0,747084,50.2,55743,6.9,1853914.0,70121.2,1
2414,54,West Virginia,2013,3,1487252,801204,53.9,746643,50.2,54561,6.8,1853914.0,70121.2,1
2415,54,West Virginia,2013,4,1487041,800277,53.8,746757,50.2,53520,6.7,1853914.0,70121.2,1
2416,54,West Virginia,2013,5,1486867,799870,53.8,747059,50.2,52811,6.6,1853914.0,70121.2,1
2417,54,West Virginia,2013,6,1486914,799704,53.8,747163,50.2,52541,6.6,1853914.0,70121.2,1
2418,54,West Virginia,2013,7,1486932,799498,53.8,746886,50.2,52612,6.6,1853914.0,70121.2,1
2419,54,West Virginia,2013,8,1486844,798902,53.7,746160,50.2,52742,6.6,1853914.0,70121.2,1
2420,54,West Virginia,2013,9,1486845,797953,53.7,745123,50.1,52830,6.6,1853914.0,70121.2,1
2421,54,West Virginia,2013,10,1486812,797136,53.6,744107,50.0,53029,6.7,1853914.0,70121.2,1
2422,54,West Virginia,2013,11,1486761,796772,53.6,743443,50.0,53329,6.7,1853914.0,70121.2,1
2423,54,West Virginia,2013,12,1486470,796988,53.6,743337,50.0,53651,6.7,1853914.0,70121.2,1
2592,16,Idaho,2014,1,1218117,778076,63.9,734548,60.3,43528,5.6,1631112.0,61663.2,0
2593,16,Idaho,2014,2,1219442,776745,63.7,736121,60.4,40624,5.2,1631112.0,61663.2,0
2594,16,Idaho,2014,3,1220865,775559,63.5,737567,60.4,37992,4.9,1631112.0,61663.2,0
2595,16,Idaho,2014,4,1222312,774476,63.4,738865,60.4,35611,4.6,1631112.0,61663.2,0
2596,16,Idaho,2014,5,1223807,774878,63.3,740193,60.5,34685,4.5,1631112.0,61663.2,0
2597,16,Idaho,2014,6,1225357,772518,63.0,741711,60.5,30807,4.0,1631112.0,61663.2,0
2598,16,Idaho,2014,7,1226932,774415,63.1,743273,60.6,31142,4.0,1631112.0,61663.2,0
2599,16,Idaho,2014,8,1228689,776184,63.2,744890,60.6,31294,4.0,1631112.0,61663.2,0
2600,16,Idaho,2014,9,1230456,777919,63.2,746662,60.7,31257,4.0,1631112.0,61663.2,0
2601,16,Idaho,2014,10,1232213,779643,63.3,748640,60.8,31003,4.0,1631112.0,61663.2,0
2602,16,Idaho,2014,11,1233894,781294,63.3,750676,60.8,30618,3.9,1631112.0,61663.2,0
2603,16,Idaho,2014,12,1235428,783031,63.4,752712,60.9,30319,3.9,1631112.0,61663.2,0
2628,19,Iowa,2014,1,2413708,1686880,69.9,1611910,66.8,74970,4.4,3109350.0,165641.4,0
2629,19,Iowa,2014,2,2414682,1690118,70.0,1615655,66.9,74463,4.4,3109350.0,165641.4,0
2630,19,Iowa,2014,3,2415666,1693311,70.1,1619332,67.0,73979,4.4,3109350.0,165641.4,0
2631,19,Iowa,2014,4,2416760,1695751,70.2,1622168,67.1,73583,4.3,3109350.0,165641.4,0
2632,19,Iowa,2014,5,2418089,1697727,70.2,1624533,67.2,73194,4.3,3109350.0,165641.4,0
2633,19,Iowa,2014,6,2419419,1699665,70.3,1626906,67.2,72759,4.3,3109350.0,165641.4,0
2634,19,Iowa,2014,7,2420807,1701256,70.3,1628984,67.3,72272,4.2,3109350.0,165641.4,0
2635,19,Iowa,2014,8,2422082,1702696,70.3,1630943,67.3,71753,4.2,3109350.0,165641.4,0
2636,19,Iowa,2014,9,2423284,1704150,70.3,1633086,67.4,71064,4.2,3109350.0,165641.4,0
2637,19,Iowa,2014,10,2424508,1705341,70.3,1635343,67.5,69998,4.1,3109350.0,165641.4,0
2638,19,Iowa,2014,11,2425484,1705842,70.3,1637265,67.5,68577,4.0,3109350.0,165641.4,0
2639,19,Iowa,2014,12,2426356,1705596,70.3,1638437,67.5,67159,3.9,3109350.0,165641.4,0
2640,20,Kansas,2014,1,2189481,1490102,68.1,1418761,64.8,71341,4.8,2900475.0,144131.5,0
2641,20,Kansas,2014,2,2190055,1492219,68.1,1421820,64.9,70399,4.7,2900475.0,144131.5,0
2642,20,Kansas,2014,3,2190902,1494043,68.2,1424398,65.0,69645,4.7,2900475.0,144131.5,0
2643,20,Kansas,2014,4,2191747,1495057,68.2,1426026,65.1,69031,4.6,2900475.0,144131.5,0
2644,20,Kansas,2014,5,2192602,1495273,68.2,1426868,65.1,68405,4.6,2900475.0,144131.5,0
2645,20,Kansas,2014,6,2193633,1495152,68.2,1427461,65.1,67691,4.5,2900475.0,144131.5,0
2646,20,Kansas,2014,7,2194773,1494899,68.1,1427996,65.1,66903,4.5,2900475.0,144131.5,0
2647,20,Kansas,2014,8,2195906,1494750,68.1,1428614,65.1,66136,4.4,2900475.0,144131.5,0
2648,20,Kansas,2014,9,2197146,1494751,68.0,1429313,65.1,65438,4.4,2900475.0,144131.5,0
2649,20,Kansas,2014,10,2198312,1494702,68.0,1429984,65.0,64718,4.3,2900475.0,144131.5,0
2650,20,Kansas,2014,11,2199173,1494484,68.0,1430308,65.0,64176,4.3,2900475.0,144131.5,0
2651,20,Kansas,2014,12,2199786,1494280,67.9,1430176,65.0,64104,4.3,2900475.0,144131.5,0
2772,31,Nebraska,2014,1,1426584,1013076,71.0,977740,68.5,35336,3.5,1879321.0,107394.4,1
2773,31,Nebraska,2014,2,1427283,1013940,71.0,978832,68.6,35108,3.5,1879321.0,107394.4,1
2774,31,Nebraska,2014,3,1428099,1014248,71.0,979472,68.6,34776,3.4,1879321.0,107394.4,1
2775,31,Nebraska,2014,4,1428903,1013835,71.0,979454,68.5,34381,3.4,1879321.0,107394.4,1
2776,31,Nebraska,2014,5,1429800,1012989,70.8,979097,68.5,33892,3.3,1879321.0,107394.4,1
2777,31,Nebraska,2014,6,1430764,1012254,70.7,978935,68.4,33319,3.3,1879321.0,107394.4,1
2778,31,Nebraska,2014,7,1431772,1011874,70.7,979130,68.4,32744,3.2,1879321.0,107394.4,1
2779,31,Nebraska,2014,8,1432717,1011897,70.6,979646,68.4,32251,3.2,1879321.0,107394.4,1
2780,31,Nebraska,2014,9,1433715,1012111,70.6,980321,68.4,31790,3.1,1879321.0,107394.4,1
2781,31,Nebraska,2014,10,1434661,1012100,70.5,980917,68.4,31183,3.1,1879321.0,107394.4,1
2782,31,Nebraska,2014,11,1435461,1011615,70.5,981159,68.4,30456,3.0,1879321.0,107394.4,1
2783,31,Nebraska,2014,12,1436119,1010872,70.4,980970,68.3,29902,3.0,1879321.0,107394.4,1
2940,46,South Dakota,2014,1,641657,448617,69.9,433108,67.5,15509,3.5,849129.0,44449.7,1
2941,46,South Dakota,2014,2,642022,449189,70.0,433800,67.6,15389,3.4,849129.0,44449.7,1
2942,46,South Dakota,2014,3,642365,449621,70.0,434322,67.6,15299,3.4,849129.0,44449.7,1
2943,46,South Dakota,2014,4,642730,449846,70.0,434622,67.6,15224,3.4,849129.0,44449.7,1
2944,46,South Dakota,2014,5,643158,449972,70.0,434863,67.6,15109,3.4,849129.0,44449.7,1
2945,46,South Dakota,2014,6,643580,450202,70.0,435243,67.6,14959,3.3,849129.0,44449.7,1
2946,46,South Dakota,2014,7,644042,450600,70.0,435765,67.7,14835,3.3,849129.0,44449.7,1
2947,46,South Dakota,2014,8,644458,451166,70.0,436382,67.7,14784,3.3,849129.0,44449.7,1
2948,46,South Dakota,2014,9,644895,451792,70.1,437009,67.8,14783,3.3,849129.0,44449.7,1
2949,46,South Dakota,2014,10,645311,452319,70.1,437549,67.8,14770,3.3,849129.0,44449.7,1
2950,46,South Dakota,2014,11,645664,452605,70.1,437918,67.8,14687,3.2,849129.0,44449.7,1
2951,46,South Dakota,2014,12,645961,452708,70.1,438149,67.8,14559,3.2,849129.0,44449.7,1
3024,54,West Virginia,2014,1,1486189,797557,53.7,743740,50.0,53817,6.7,1849489.0,69720.7,1
3025,54,West Virginia,2014,2,1485849,797946,53.7,744294,50.1,53652,6.7,1849489.0,69720.7,1
3026,54,West Virginia,2014,3,1485541,797830,53.7,744590,50.1,53240,6.7,1849489.0,69720.7,1
3027,54,West Virginia,2014,4,1485268,797081,53.7,744377,50.1,52704,6.6,1849489.0,69720.7,1
3028,54,West Virginia,2014,5,1485131,795967,53.6,743871,50.1,52096,6.5,1849489.0,69720.7,1
3029,54,West Virginia,2014,6,1485005,794976,53.5,743439,50.1,51537,6.5,1849489.0,69720.7,1
3030,54,West Virginia,2014,7,1484885,794363,53.5,743221,50.1,51142,6.4,1849489.0,69720.7,1
3031,54,West Virginia,2014,8,1484685,794272,53.5,743335,50.1,50937,6.4,1849489.0,69720.7,1
3032,54,West Virginia,2014,9,1484517,794534,53.5,743734,50.1,50800,6.4,1849489.0,69720.7,1
3033,54,West Virginia,2014,10,1484350,794725,53.5,744126,50.1,50599,6.4,1849489.0,69720.7,1
3034,54,West Virginia,2014,11,1484048,794615,53.5,744200,50.1,50415,6.3,1849489.0,69720.7,1
3035,54,West Virginia,2014,12,1483608,794247,53.5,743765,50.1,50482,6.4,1849489.0,69720.7,1
3204,16,Idaho,2015,1,1236985,785010,63.5,754789,61.0,30221,3.8,1651059.0,63235.7,0
3205,16,Idaho,2015,2,1238342,787221,63.6,756853,61.1,30368,3.9,1651059.0,63235.7,0
3206,16,Idaho,2015,3,1239788,789517,63.7,758877,61.2,30640,3.9,1651059.0,63235.7,0
3207,16,Idaho,2015,4,1241296,791724,63.8,760809,61.3,30915,3.9,1651059.0,63235.7,0
3208,16,Idaho,2015,5,1242885,793675,63.9,762546,61.4,31129,3.9,1651059.0,63235.7,0
3209,16,Idaho,2015,6,1244553,795165,63.9,763973,61.4,31192,3.9,1651059.0,63235.7,0
3210,16,Idaho,2015,7,1246242,796345,63.9,765212,61.4,31133,3.9,1651059.0,63235.7,0
3211,16,Idaho,2015,8,1248753,797404,63.9,766369,61.4,31035,3.9,1651059.0,63235.7,0
3212,16,Idaho,2015,9,1251267,798413,63.8,767529,61.3,30884,3.9,1651059.0,63235.7,0
3213,16,Idaho,2015,10,1253815,799645,63.8,768912,61.3,30733,3.8,1651059.0,63235.7,0
3214,16,Idaho,2015,11,1256189,801327,63.8,770672,61.4,30655,3.8,1651059.0,63235.7,0
3215,16,Idaho,2015,12,1258579,803322,63.8,772741,61.4,30581,3.8,1651059.0,63235.7,0
3240,19,Iowa,2015,1,2427052,1704798,70.2,1638800,67.5,65998,3.9,3120960.0,170545.9,0
3241,19,Iowa,2015,2,2427387,1703904,70.2,1638715,67.5,65189,3.8,3120960.0,170545.9,0
3242,19,Iowa,2015,3,2428014,1703231,70.1,1638687,67.5,64544,3.8,3120960.0,170545.9,0
3243,19,Iowa,2015,4,2428690,1702323,70.1,1638444,67.5,63879,3.8,3120960.0,170545.9,0
3244,19,Iowa,2015,5,2429607,1700817,70.0,1637661,67.4,63156,3.7,3120960.0,170545.9,0
3245,19,Iowa,2015,6,2430604,1698838,69.9,1636400,67.3,62438,3.7,3120960.0,170545.9,0
3246,19,Iowa,2015,7,2431720,1697034,69.8,1635142,67.2,61892,3.6,3120960.0,170545.9,0
3247,19,Iowa,2015,8,2432799,1696005,69.7,1634411,67.2,61594,3.6,3120960.0,170545.9,0
3248,19,Iowa,2015,9,2433958,1696155,69.7,1634605,67.2,61550,3.6,3120960.0,170545.9,0
3249,19,Iowa,2015,10,2435125,1697907,69.7,1636189,67.2,61718,3.6,3120960.0,170545.9,0
3250,19,Iowa,2015,11,2435921,1701237,69.8,1639252,67.3,61985,3.6,3120960.0,170545.9,0
3251,19,Iowa,2015,12,2436877,1705328,70.0,1643195,67.4,62133,3.6,3120960.0,170545.9,0
3252,20,Kansas,2015,1,2200557,1494068,67.9,1429606,65.0,64462,4.3,2909011.0,147929.8,0
3253,20,Kansas,2015,2,2201056,1493764,67.9,1428745,64.9,65019,4.4,2909011.0,147929.8,0
3254,20,Kansas,2015,3,2201561,1493443,67.8,1428091,64.9,65352,4.4,2909011.0,147929.8,0
3255,20,Kansas,2015,4,2202145,1493226,67.8,1428104,64.9,65122,4.4,2909011.0,147929.8,0
3256,20,Kansas,2015,5,2202959,1493024,67.8,1428789,64.9,64235,4.3,2909011.0,147929.8,0
3257,20,Kansas,2015,6,2204047,1492703,67.7,1429837,64.9,62866,4.2,2909011.0,147929.8,0
3258,20,Kansas,2015,7,2205000,1492465,67.7,1431085,64.9,61380,4.1,2909011.0,147929.8,0
3259,20,Kansas,2015,8,2206043,1492607,67.7,1432469,64.9,60138,4.0,2909011.0,147929.8,0
3260,20,Kansas,2015,9,2207110,1493272,67.7,1433984,65.0,59288,4.0,2909011.0,147929.8,0
3261,20,Kansas,2015,10,2208046,1494509,67.7,1435575,65.0,58934,3.9,2909011.0,147929.8,0
3262,20,Kansas,2015,11,2208941,1496037,67.7,1437062,65.1,58975,3.9,2909011.0,147929.8,0
3263,20,Kansas,2015,12,2209453,1497255,67.8,1438196,65.1,59059,3.9,2909011.0,147929.8,0
3384,31,Nebraska,2015,1,1436792,1010079,70.3,980427,68.2,29652,2.9,1891277.0,110752.9,1
3385,31,Nebraska,2015,2,1437272,1009386,70.2,979687,68.2,29699,2.9,1891277.0,110752.9,1
3386,31,Nebraska,2015,3,1437833,1009054,70.2,979132,68.1,29922,3.0,1891277.0,110752.9,1
3387,31,Nebraska,2015,4,1438471,1009259,70.2,979055,68.1,30204,3.0,1891277.0,110752.9,1
3388,31,Nebraska,2015,5,1439238,1009818,70.2,979369,68.0,30449,3.0,1891277.0,110752.9,1
3389,31,Nebraska,2015,6,1440080,1010488,70.2,979862,68.0,30626,3.0,1891277.0,110752.9,1
3390,31,Nebraska,2015,7,1440957,1011241,70.2,980537,68.0,30704,3.0,1891277.0,110752.9,1
3391,31,Nebraska,2015,8,1442076,1012103,70.2,981413,68.1,30690,3.0,1891277.0,110752.9,1
3392,31,Nebraska,2015,9,1443217,1013086,70.2,982465,68.1,30621,3.0,1891277.0,110752.9,1
3393,31,Nebraska,2015,10,1444360,1014321,70.2,983776,68.1,30545,3.0,1891277.0,110752.9,1
3394,31,Nebraska,2015,11,1445350,1015747,70.3,985231,68.2,30516,3.0,1891277.0,110752.9,1
3395,31,Nebraska,2015,12,1446285,1017042,70.3,986563,68.2,30479,3.0,1891277.0,110752.9,1
3552,46,South Dakota,2015,1,646230,452732,70.1,438302,67.8,14430,3.2,853988.0,45371.8,1
3553,46,South Dakota,2015,2,646499,452748,70.0,438409,67.8,14339,3.2,853988.0,45371.8,1
3554,46,South Dakota,2015,3,646747,452826,70.0,438548,67.8,14278,3.2,853988.0,45371.8,1
3555,46,South Dakota,2015,4,647019,452965,70.0,438747,67.8,14218,3.1,853988.0,45371.8,1
3556,46,South Dakota,2015,5,647370,453080,70.0,438941,67.8,14139,3.1,853988.0,45371.8,1
3557,46,South Dakota,2015,6,647735,453071,69.9,439062,67.8,14009,3.1,853988.0,45371.8,1
3558,46,South Dakota,2015,7,648092,452987,69.9,439168,67.8,13819,3.1,853988.0,45371.8,1
3559,46,South Dakota,2015,8,648708,452923,69.8,439326,67.7,13597,3.0,853988.0,45371.8,1
3560,46,South Dakota,2015,9,649317,452976,69.8,439607,67.7,13369,3.0,853988.0,45371.8,1
3561,46,South Dakota,2015,10,649970,453249,69.7,440079,67.7,13170,2.9,853988.0,45371.8,1
3562,46,South Dakota,2015,11,650509,453718,69.7,440691,67.7,13027,2.9,853988.0,45371.8,1
3563,46,South Dakota,2015,12,651021,454211,69.8,441285,67.8,12926,2.8,853988.0,45371.8,1
3636,54,West Virginia,2015,1,1483060,793820,53.5,742884,50.1,50936,6.4,1842050.0,70332.7,1
3637,54,West Virginia,2015,2,1482403,793628,53.5,741810,50.0,51818,6.5,1842050.0,70332.7,1
3638,54,West Virginia,2015,3,1481835,793761,53.6,740877,50.0,52884,6.7,1842050.0,70332.7,1
3639,54,West Virginia,2015,4,1481333,794032,53.6,740233,50.0,53799,6.8,1842050.0,70332.7,1
3640,54,West Virginia,2015,5,1480955,793992,53.6,739757,50.0,54235,6.8,1842050.0,70332.7,1
3641,54,West Virginia,2015,6,1480648,793269,53.6,739251,49.9,54018,6.8,1842050.0,70332.7,1
3642,54,West Virginia,2015,7,1480349,791959,53.5,738717,49.9,53242,6.7,1842050.0,70332.7,1
3643,54,West Virginia,2015,8,1479924,790409,53.4,738212,49.9,52197,6.6,1842050.0,70332.7,1
3644,54,West Virginia,2015,9,1479527,789048,53.3,737859,49.9,51189,6.5,1842050.0,70332.7,1
3645,54,West Virginia,2015,10,1479187,788329,53.3,737853,49.9,50476,6.4,1842050.0,70332.7,1
3646,54,West Virginia,2015,11,1478601,788344,53.3,738192,49.9,50152,6.4,1842050.0,70332.7,1
3647,54,West Virginia,2015,12,1478094,788821,53.4,738713,50.0,50108,6.4,1842050.0,70332.7,1
3816,16,Idaho,2016,1,1260815,805322,63.9,774854,61.5,30468,3.8,1682380.0,65643.2,0
3817,16,Idaho,2016,2,1263122,807148,63.9,776822,61.5,30326,3.8,1682380.0,65643.2,0
3818,16,Idaho,2016,3,1265474,808719,63.9,778561,61.5,30158,3.7,1682380.0,65643.2,0
3819,16,Idaho,2016,4,1267849,810104,63.9,780076,61.5,30028,3.7,1682380.0,65643.2,0
3820,16,Idaho,2016,5,1270248,811416,63.9,781429,61.5,29987,3.7,1682380.0,65643.2,0
3821,16,Idaho,2016,6,1272686,812750,63.9,782732,61.5,30018,3.7,1682380.0,65643.2,0
3822,16,Idaho,2016,7,1275237,814013,63.8,784003,61.5,30010,3.7,1682380.0,65643.2,0
3823,16,Idaho,2016,8,1277924,815143,63.8,785242,61.4,29901,3.7,1682380.0,65643.2,0
3824,16,Idaho,2016,9,1280709,816266,63.7,786512,61.4,29754,3.6,1682380.0,65643.2,0
3825,16,Idaho,2016,10,1283493,817413,63.7,787865,61.4,29548,3.6,1682380.0,65643.2,0
3826,16,Idaho,2016,11,1286128,818658,63.7,789438,61.4,29220,3.6,1682380.0,65643.2,0
3827,16,Idaho,2016,12,1288749,820142,63.6,791352,61.4,28790,3.5,1682380.0,65643.2,0
3852,19,Iowa,2016,1,2437374,1708738,70.1,1646660,67.6,62078,3.6,3131371.0,169488.8,0
3853,19,Iowa,2016,2,2438141,1710383,70.2,1648419,67.6,61964,3.6,3131371.0,169488.8,0
3854,19,Iowa,2016,3,2438939,1710050,70.1,1648133,67.6,61917,3.6,3131371.0,169488.8,0
3855,19,Iowa,2016,4,2439789,1708496,70.0,1646486,67.5,62010,3.6,3131371.0,169488.8,0
3856,19,Iowa,2016,5,2440696,1706702,69.9,1644496,67.4,62206,3.6,3131371.0,169488.8,0
3857,19,Iowa,2016,6,2441687,1705132,69.8,1642812,67.3,62320,3.7,3131371.0,169488.8,0
3858,19,Iowa,2016,7,2442852,1703877,69.7,1641745,67.2,62132,3.6,3131371.0,169488.8,0
3859,19,Iowa,2016,8,2443877,1702459,69.7,1640827,67.1,61632,3.6,3131371.0,169488.8,0
3860,19,Iowa,2016,9,2445007,1700400,69.5,1639444,67.1,60956,3.6,3131371.0,169488.8,0
3861,19,Iowa,2016,10,2446168,1697326,69.4,1637247,66.9,60079,3.5,3131371.0,169488.8,0
3862,19,Iowa,2016,11,2447065,1693569,69.2,1634566,66.8,59003,3.5,3131371.0,169488.8,0
3863,19,Iowa,2016,12,2447876,1689919,69.0,1632092,66.7,57827,3.4,3131371.0,169488.8,0
3864,20,Kansas,2016,1,2210492,1497864,67.8,1438842,65.1,59022,3.9,2910844.0,152511.5,0
3865,20,Kansas,2016,2,2210999,1497789,67.7,1438855,65.1,58934,3.9,2910844.0,152511.5,0
3866,20,Kansas,2016,3,2211607,1496952,67.7,1438043,65.0,58909,3.9,2910844.0,152511.5,0
3867,20,Kansas,2016,4,2212288,1495476,67.6,1436383,64.9,59093,4.0,2910844.0,152511.5,0
3868,20,Kansas,2016,5,2213068,1493780,67.5,1434209,64.8,59571,4.0,2910844.0,152511.5,0
3869,20,Kansas,2016,6,2213900,1492201,67.4,1431926,64.7,60275,4.0,2910844.0,152511.5,0
3870,20,Kansas,2016,7,2214883,1490884,67.3,1429885,64.6,60999,4.1,2910844.0,152511.5,0
3871,20,Kansas,2016,8,2215338,1489730,67.2,1428192,64.5,61538,4.1,2910844.0,152511.5,0
3872,20,Kansas,2016,9,2215863,1488560,67.2,1426801,64.4,61759,4.1,2910844.0,152511.5,0
3873,20,Kansas,2016,10,2216246,1487280,67.1,1425871,64.3,61409,4.1,2910844.0,152511.5,0
3874,20,Kansas,2016,11,2216532,1486064,67.0,1425661,64.3,60403,4.1,2910844.0,152511.5,0
3875,20,Kansas,2016,12,2216707,1485099,67.0,1426125,64.3,58974,4.0,2910844.0,152511.5,0
3996,31,Nebraska,2016,1,1447160,1018062,70.3,987626,68.2,30436,3.0,1905616.0,111611.7,1
3997,31,Nebraska,2016,2,1448030,1018720,70.4,988278,68.2,30442,3.0,1905616.0,111611.7,1
3998,31,Nebraska,2016,3,1448888,1018855,70.3,988365,68.2,30490,3.0,1905616.0,111611.7,1
3999,31,Nebraska,2016,4,1449875,1018474,70.2,987872,68.1,30602,3.0,1905616.0,111611.7,1
4000,31,Nebraska,2016,5,1450843,1017826,70.2,987002,68.0,30824,3.0,1905616.0,111611.7,1
4001,31,Nebraska,2016,6,1451894,1017046,70.0,985933,67.9,31113,3.1,1905616.0,111611.7,1
4002,31,Nebraska,2016,7,1453027,1016161,69.9,984777,67.8,31384,3.1,1905616.0,111611.7,1
4003,31,Nebraska,2016,8,1453909,1015208,69.8,983589,67.7,31619,3.1,1905616.0,111611.7,1
4004,31,Nebraska,2016,9,1454904,1014279,69.7,982416,67.5,31863,3.1,1905616.0,111611.7,1
4005,31,Nebraska,2016,10,1455876,1013352,69.6,981360,67.4,31992,3.2,1905616.0,111611.7,1
4006,31,Nebraska,2016,11,1456682,1012567,69.5,980719,67.3,31848,3.1,1905616.0,111611.7,1
4007,31,Nebraska,2016,12,1457487,1012214,69.4,980735,67.3,31479,3.1,1905616.0,111611.7,1
4164,46,South Dakota,2016,1,651545,454613,69.8,441752,67.8,12861,2.8,862996.0,45733.6,1
4165,46,South Dakota,2016,2,652093,454907,69.8,442042,67.8,12865,2.8,862996.0,45733.6,1
4166,46,South Dakota,2016,3,652588,455081,69.7,442131,67.8,12950,2.8,862996.0,45733.6,1
4167,46,South Dakota,2016,4,653120,455173,69.7,442044,67.7,13129,2.9,862996.0,45733.6,1
4168,46,South Dakota,2016,5,653675,455241,69.6,441851,67.6,13390,2.9,862996.0,45733.6,1
4169,46,South Dakota,2016,6,654245,455294,69.6,441614,67.5,13680,3.0,862996.0,45733.6,1
4170,46,South Dakota,2016,7,654871,455323,69.5,441381,67.4,13942,3.1,862996.0,45733.6,1
4171,46,South Dakota,2016,8,655593,455306,69.4,441149,67.3,14157,3.1,862996.0,45733.6,1
4172,46,South Dakota,2016,9,656328,455229,69.4,440886,67.2,14343,3.2,862996.0,45733.6,1
4173,46,South Dakota,2016,10,657037,455083,69.3,440599,67.1,14484,3.2,862996.0,45733.6,1
4174,46,South Dakota,2016,11,657685,454969,69.2,440426,67.0,14543,3.2,862996.0,45733.6,1
4175,46,South Dakota,2016,12,658342,455019,69.1,440501,66.9,14518,3.2,862996.0,45733.6,1
4248,54,West Virginia,2016,1,1477257,789352,53.4,739186,50.0,50166,6.4,1831023.0,69276.4,1
4249,54,West Virginia,2016,2,1476646,789436,53.5,739332,50.1,50104,6.3,1831023.0,69276.4,1
4250,54,West Virginia,2016,3,1476039,788767,53.4,739023,50.1,49744,6.3,1831023.0,69276.4,1
4251,54,West Virginia,2016,4,1475441,787459,53.4,738270,50.0,49189,6.2,1831023.0,69276.4,1
4252,54,West Virginia,2016,5,1474916,785938,53.3,737255,50.0,48683,6.2,1831023.0,69276.4,1
4253,54,West Virginia,2016,6,1474454,784596,53.2,736276,49.9,48320,6.2,1831023.0,69276.4,1
4254,54,West Virginia,2016,7,1474043,783598,53.2,735591,49.9,48007,6.1,1831023.0,69276.4,1
4255,54,West Virginia,2016,8,1473318,782962,53.1,735299,49.9,47663,6.1,1831023.0,69276.4,1
4256,54,West Virginia,2016,9,1472667,782586,53.1,735395,49.9,47191,6.0,1831023.0,69276.4,1
4257,54,West Virginia,2016,10,1472037,782275,53.1,735838,50.0,46437,5.9,1831023.0,69276.4,1
4258,54,West Virginia,2016,11,1471251,782016,53.2,736667,50.1,45349,5.8,1831023.0,69276.4,1
4259,54,West Virginia,2016,12,1470405,781718,53.2,737762,50.2,43956,5.6,1831023.0,69276.4,1
4428,16,Idaho,2017,1,1291268,821939,63.7,793663,61.5,28276,3.4,1717715.0,68412.2,0
4429,16,Idaho,2017,2,1293661,823968,63.7,796281,61.6,27687,3.4,1717715.0,68412.2,0
4430,16,Idaho,2017,3,1296159,826061,63.7,798974,61.6,27087,3.3,1717715.0,68412.2,0
4431,16,Idaho,2017,4,1298673,828212,63.8,801688,61.7,26524,3.2,1717715.0,68412.2,0
4432,16,Idaho,2017,5,1301254,830435,63.8,804386,61.8,26049,3.1,1717715.0,68412.2,0
4433,16,Idaho,2017,6,1303917,832754,63.9,807001,61.9,25753,3.1,1717715.0,68412.2,0
4434,16,Idaho,2017,7,1306643,835212,63.9,809546,62.0,25666,3.1,1717715.0,68412.2,0
4435,16,Idaho,2017,8,1309260,837672,64.0,811937,62.0,25735,3.1,1717715.0,68412.2,0
4436,16,Idaho,2017,9,1311939,839874,64.0,814038,62.0,25836,3.1,1717715.0,68412.2,0
4437,16,Idaho,2017,10,1314549,841736,64.0,815904,62.1,25832,3.1,1717715.0,68412.2,0
4438,16,Idaho,2017,11,1317091,843277,64.0,817568,62.1,25709,3.0,1717715.0,68412.2,0
4439,16,Idaho,2017,12,1319571,844659,64.0,819217,62.1,25442,3.0,1717715.0,68412.2,0
4464,19,Iowa,2017,1,2448593,1687324,68.9,1630667,66.6,56657,3.4,3141550.0,168976.5,0
4465,19,Iowa,2017,2,2449040,1686199,68.9,1630708,66.6,55491,3.3,3141550.0,168976.5,0
4466,19,Iowa,2017,3,2449719,1686230,68.8,1631800,66.6,54430,3.2,3141550.0,168976.5,0
4467,19,Iowa,2017,4,2450329,1687055,68.9,1633446,66.7,53609,3.2,3141550.0,168976.5,0
4468,19,Iowa,2017,5,2451132,1688010,68.9,1635031,66.7,52979,3.1,3141550.0,168976.5,0
4469,19,Iowa,2017,6,2452121,1688463,68.9,1635980,66.7,52483,3.1,3141550.0,168976.5,0
4470,19,Iowa,2017,7,2453207,1688210,68.8,1636179,66.7,52031,3.1,3141550.0,168976.5,0
4471,19,Iowa,2017,8,2453951,1687256,68.8,1635852,66.7,51404,3.0,3141550.0,168976.5,0
4472,19,Iowa,2017,9,2454856,1685957,68.7,1635376,66.6,50581,3.0,3141550.0,168976.5,0
4473,19,Iowa,2017,10,2455642,1684906,68.6,1635230,66.6,49676,2.9,3141550.0,168976.5,0
4474,19,Iowa,2017,11,2456255,1684439,68.6,1635605,66.6,48834,2.9,3141550.0,168976.5,0
4475,19,Iowa,2017,12,2456773,1684895,68.6,1636887,66.6,48008,2.8,3141550.0,168976.5,0
4476,20,Kansas,2017,1,2216729,1484359,67.0,1426926,64.4,57433,3.9,2908718.0,154456.6,0
4477,20,Kansas,2017,2,2216489,1483907,66.9,1427958,64.4,55949,3.8,2908718.0,154456.6,0
4478,20,Kansas,2017,3,2216375,1483866,67.0,1429048,64.5,54818,3.7,2908718.0,154456.6,0
4479,20,Kansas,2017,4,2216468,1484339,67.0,1430129,64.5,54210,3.7,2908718.0,154456.6,0
4480,20,Kansas,2017,5,2216547,1485132,67.0,1431168,64.6,53964,3.6,2908718.0,154456.6,0
4481,20,Kansas,2017,6,2216714,1485827,67.0,1431955,64.6,53872,3.6,2908718.0,154456.6,0
4482,20,Kansas,2017,7,2216971,1486048,67.0,1432274,64.6,53774,3.6,2908718.0,154456.6,0
4483,20,Kansas,2017,8,2217666,1485446,67.0,1431965,64.6,53481,3.6,2908718.0,154456.6,0
4484,20,Kansas,2017,9,2218423,1484004,66.9,1431031,64.5,52973,3.6,2908718.0,154456.6,0
4485,20,Kansas,2017,10,2219134,1482030,66.8,1429661,64.4,52369,3.5,2908718.0,154456.6,0
4486,20,Kansas,2017,11,2219649,1480090,66.7,1428313,64.3,51777,3.5,2908718.0,154456.6,0
4487,20,Kansas,2017,12,2220045,1478871,66.6,1427761,64.3,51110,3.5,2908718.0,154456.6,0
4608,31,Nebraska,2017,1,1458153,1012343,69.4,981325,67.3,31018,3.1,1915947.0,113754.2,1
4609,31,Nebraska,2017,2,1458699,1012904,69.4,982401,67.3,30503,3.0,1915947.0,113754.2,1
4610,31,Nebraska,2017,3,1459369,1013791,69.5,983736,67.4,30055,3.0,1915947.0,113754.2,1
4611,31,Nebraska,2017,4,1460051,1014926,69.5,985145,67.5,29781,2.9,1915947.0,113754.2,1
4612,31,Nebraska,2017,5,1460788,1016136,69.6,986512,67.5,29624,2.9,1915947.0,113754.2,1
4613,31,Nebraska,2017,6,1461662,1017213,69.6,987682,67.6,29531,2.9,1915947.0,113754.2,1
4614,31,Nebraska,2017,7,1462522,1018050,69.6,988499,67.6,29551,2.9,1915947.0,113754.2,1
4615,31,Nebraska,2017,8,1463343,1018474,69.6,988890,67.6,29584,2.9,1915947.0,113754.2,1
4616,31,Nebraska,2017,9,1464244,1018517,69.6,988939,67.5,29578,2.9,1915947.0,113754.2,1
4617,31,Nebraska,2017,10,1465130,1018455,69.5,988846,67.5,29609,2.9,1915947.0,113754.2,1
4618,31,Nebraska,2017,11,1465866,1018576,69.5,988849,67.5,29727,2.9,1915947.0,113754.2,1
4619,31,Nebraska,2017,12,1466539,1019080,69.5,989285,67.5,29795,2.9,1915947.0,113754.2,1
4776,46,South Dakota,2017,1,658924,455241,69.1,440814,66.9,14427,3.2,872868.0,46023.9,1
4777,46,South Dakota,2017,2,659457,455573,69.1,441289,66.9,14284,3.1,872868.0,46023.9,1
4778,46,South Dakota,2017,3,660031,455957,69.1,441804,66.9,14153,3.1,872868.0,46023.9,1
4779,46,South Dakota,2017,4,660622,456390,69.1,442309,67.0,14081,3.1,872868.0,46023.9,1
4780,46,South Dakota,2017,5,661258,456848,69.1,442780,67.0,14068,3.1,872868.0,46023.9,1
4781,46,South Dakota,2017,6,661920,457245,69.1,443141,66.9,14104,3.1,872868.0,46023.9,1
4782,46,South Dakota,2017,7,662623,457514,69.0,443335,66.9,14179,3.1,872868.0,46023.9,1
4783,46,South Dakota,2017,8,663069,457590,69.0,443361,66.9,14229,3.1,872868.0,46023.9,1
4784,46,South Dakota,2017,9,663573,457494,68.9,443271,66.8,14223,3.1,872868.0,46023.9,1
4785,46,South Dakota,2017,10,664022,457318,68.9,443161,66.7,14157,3.1,872868.0,46023.9,1
4786,46,South Dakota,2017,11,664457,457183,68.8,443100,66.7,14083,3.1,872868.0,46023.9,1
4787,46,South Dakota,2017,12,664826,457196,68.8,443204,66.7,13992,3.1,872868.0,46023.9,1
4860,54,West Virginia,2017,1,1469450,781285,53.2,738863,50.3,42422,5.4,1817004.0,69743.2,1
4861,54,West Virginia,2017,2,1468386,780838,53.2,739844,50.4,40994,5.3,1817004.0,69743.2,1
4862,54,West Virginia,2017,3,1467439,780561,53.2,740574,50.5,39987,5.1,1817004.0,69743.2,1
4863,54,West Virginia,2017,4,1466478,780757,53.2,741245,50.5,39512,5.1,1817004.0,69743.2,1
4864,54,West Virginia,2017,5,1465616,781527,53.3,742087,50.6,39440,5.0,1817004.0,69743.2,1
4865,54,West Virginia,2017,6,1464854,782728,53.4,743015,50.7,39713,5.1,1817004.0,69743.2,1
4866,54,West Virginia,2017,7,1464169,784175,53.6,743867,50.8,40308,5.1,1817004.0,69743.2,1
4867,54,West Virginia,2017,8,1463541,785486,53.7,744512,50.9,40974,5.2,1817004.0,69743.2,1
4868,54,West Virginia,2017,9,1463044,786343,53.7,744816,50.9,41527,5.3,1817004.0,69743.2,1
4869,54,West Virginia,2017,10,1462458,786714,53.8,744763,50.9,41951,5.3,1817004.0,69743.2,1
4870,54,West Virginia,2017,11,1461742,786775,53.8,744460,50.9,42315,5.4,1817004.0,69743.2,1
4871,54,West Virginia,2017,12,1460992,786970,53.9,744362,50.9,42608,5.4,1817004.0,69743.2,1
5040,16,Idaho,2018,1,1321923,846096,64.0,821038,62.1,25058,3.0,1750536.0,72455.4,0
5041,16,Idaho,2018,2,1324143,847823,64.0,823192,62.2,24631,2.9,1750536.0,72455.4,0
5042,16,Idaho,2018,3,1326556,849801,64.1,825587,62.2,24214,2.8,1750536.0,72455.4,0
5043,16,Idaho,2018,4,1329009,851659,64.1,827821,62.3,23838,2.8,1750536.0,72455.4,0
5044,16,Idaho,2018,5,1331478,853206,64.1,829637,62.3,23569,2.8,1750536.0,72455.4,0
5045,16,Idaho,2018,6,1334068,854488,64.1,831059,62.3,23429,2.7,1750536.0,72455.4,0
5046,16,Idaho,2018,7,1336679,855618,64.0,832227,62.3,23391,2.7,1750536.0,72455.4,0
5047,16,Idaho,2018,8,1339682,856913,64.0,833422,62.2,23491,2.7,1750536.0,72455.4,0
5048,16,Idaho,2018,9,1342766,858575,63.9,834807,62.2,23768,2.8,1750536.0,72455.4,0
5049,16,Idaho,2018,10,1345769,860610,63.9,836399,62.2,24211,2.8,1750536.0,72455.4,0
5050,16,Idaho,2018,11,1348642,862994,64.0,838269,62.2,24725,2.9,1750536.0,72455.4,0
5051,16,Idaho,2018,12,1351412,865525,64.0,840393,62.2,25132,2.9,1750536.0,72455.4,0
5076,19,Iowa,2018,1,2457002,1686760,68.7,1639603,66.7,47157,2.8,3148618.0,172844.7,0
5077,19,Iowa,2018,2,2457017,1690160,68.8,1643877,66.9,46283,2.7,3148618.0,172844.7,0
5078,19,Iowa,2018,3,2457371,1694429,69.0,1649080,67.1,45349,2.7,3148618.0,172844.7,0
5079,19,Iowa,2018,4,2457850,1698163,69.1,1653820,67.3,44343,2.6,3148618.0,172844.7,0
5080,19,Iowa,2018,5,2458351,1700602,69.2,1657136,67.4,43466,2.6,3148618.0,172844.7,0
5081,19,Iowa,2018,6,2459105,1701899,69.2,1659049,67.5,42850,2.5,3148618.0,172844.7,0
5082,19,Iowa,2018,7,2459864,1702498,69.2,1659981,67.5,42517,2.5,3148618.0,172844.7,0
5083,19,Iowa,2018,8,2461141,1703333,69.2,1660747,67.5,42586,2.5,3148618.0,172844.7,0
5084,19,Iowa,2018,9,2462548,1704965,69.2,1662001,67.5,42964,2.5,3148618.0,172844.7,0
5085,19,Iowa,2018,10,2463857,1707672,69.3,1664072,67.5,43600,2.6,3148618.0,172844.7,0
5086,19,Iowa,2018,11,2464858,1711649,69.4,1667225,67.6,44424,2.6,3148618.0,172844.7,0
5087,19,Iowa,2018,12,2465707,1716455,69.6,1671199,67.8,45256,2.6,3148618.0,172844.7,0
5088,20,Kansas,2018,1,2220190,1478888,66.6,1428440,64.3,50448,3.4,2911359.0,158192.7,0
5089,20,Kansas,2018,2,2220217,1480139,66.7,1430270,64.4,49869,3.4,2911359.0,158192.7,0
5090,20,Kansas,2018,3,2220385,1482004,66.7,1432705,64.5,49299,3.3,2911359.0,158192.7,0
5091,20,Kansas,2018,4,2220716,1483562,66.8,1434887,64.6,48675,3.3,2911359.0,158192.7,0
5092,20,Kansas,2018,5,2221142,1484310,66.8,1436137,64.7,48173,3.2,2911359.0,158192.7,0
5093,20,Kansas,2018,6,2221740,1484247,66.8,1436387,64.7,47860,3.2,2911359.0,158192.7,0
5094,20,Kansas,2018,7,2222318,1483713,66.8,1435984,64.6,47729,3.2,2911359.0,158192.7,0
5095,20,Kansas,2018,8,2223002,1483428,66.7,1435542,64.6,47886,3.2,2911359.0,158192.7,0
5096,20,Kansas,2018,9,2223814,1483781,66.7,1435489,64.6,48292,3.3,2911359.0,158192.7,0
5097,20,Kansas,2018,10,2224508,1484784,66.7,1435982,64.6,48802,3.3,2911359.0,158192.7,0
5098,20,Kansas,2018,11,2224934,1486153,66.8,1436908,64.6,49245,3.3,2911359.0,158192.7,0
5099,20,Kansas,2018,12,2225238,1487403,66.8,1437993,64.6,49410,3.3,2911359.0,158192.7,0
5220,31,Nebraska,2018,1,1467060,1020119,69.5,990360,67.5,29759,2.9,1925614.0,115087.9,1
5221,31,Nebraska,2018,2,1467492,1021728,69.6,992075,67.6,29653,2.9,1925614.0,115087.9,1
5222,31,Nebraska,2018,3,1468056,1023608,69.7,994139,67.7,29469,2.9,1925614.0,115087.9,1
5223,31,Nebraska,2018,4,1468702,1025187,69.8,996003,67.8,29184,2.8,1925614.0,115087.9,1
5224,31,Nebraska,2018,5,1469394,1026190,69.8,997262,67.9,28928,2.8,1925614.0,115087.9,1
5225,31,Nebraska,2018,6,1470220,1026709,69.8,997935,67.9,28774,2.8,1925614.0,115087.9,1
5226,31,Nebraska,2018,7,1471009,1027013,69.8,998342,67.9,28671,2.8,1925614.0,115087.9,1
5227,31,Nebraska,2018,8,1471841,1027610,69.8,998876,67.9,28734,2.8,1925614.0,115087.9,1
5228,31,Nebraska,2018,9,1472783,1028717,69.8,999678,67.9,29039,2.8,1925614.0,115087.9,1
5229,31,Nebraska,2018,10,1473613,1030316,69.9,1000760,67.9,29556,2.9,1925614.0,115087.9,1
5230,31,Nebraska,2018,11,1474305,1032250,70.0,1002062,68.0,30188,2.9,1925614.0,115087.9,1
5231,31,Nebraska,2018,12,1474901,1034171,70.1,1003405,68.0,30766,3.0,1925614.0,115087.9,1
5388,46,South Dakota,2018,1,665115,457442,68.8,443568,66.7,13874,3.0,878698.0,47287.0,1
5389,46,South Dakota,2018,2,665406,457944,68.8,444202,66.8,13742,3.0,878698.0,47287.0,1
5390,46,South Dakota,2018,3,665718,458541,68.9,444959,66.8,13582,3.0,878698.0,47287.0,1
5391,46,South Dakota,2018,4,666103,458951,68.9,445569,66.9,13382,2.9,878698.0,47287.0,1
5392,46,South Dakota,2018,5,666499,459062,68.9,445864,66.9,13198,2.9,878698.0,47287.0,1
5393,46,South Dakota,2018,6,666936,458949,68.8,445890,66.9,13059,2.8,878698.0,47287.0,1
5394,46,South Dakota,2018,7,667376,458735,68.7,445789,66.8,12946,2.8,878698.0,47287.0,1
5395,46,South Dakota,2018,8,668054,458634,68.7,445741,66.7,12893,2.8,878698.0,47287.0,1
5396,46,South Dakota,2018,9,668716,458799,68.6,445866,66.7,12933,2.8,878698.0,47287.0,1
5397,46,South Dakota,2018,10,669394,459265,68.6,446198,66.7,13067,2.8,878698.0,47287.0,1
5398,46,South Dakota,2018,11,669959,459943,68.7,446677,66.7,13266,2.9,878698.0,47287.0,1
5399,46,South Dakota,2018,12,670527,460648,68.7,447178,66.7,13470,2.9,878698.0,47287.0,1
5472,54,West Virginia,2018,1,1460033,787748,54.0,744917,51.0,42831,5.4,1804291.0,71858.7,1
5473,54,West Virginia,2018,2,1459014,789267,54.1,746319,51.2,42948,5.4,1804291.0,71858.7,1
5474,54,West Virginia,2018,3,1458166,791267,54.3,748406,51.3,42861,5.4,1804291.0,71858.7,1
5475,54,West Virginia,2018,4,1457370,793055,54.4,750579,51.5,42476,5.4,1804291.0,71858.7,1
5476,54,West Virginia,2018,5,1456649,794246,54.5,752311,51.6,41935,5.3,1804291.0,71858.7,1
5477,54,West Virginia,2018,6,1456011,794829,54.6,753515,51.8,41314,5.2,1804291.0,71858.7,1
5478,54,West Virginia,2018,7,1455383,794907,54.6,754278,51.8,40629,5.1,1804291.0,71858.7,1
5479,54,West Virginia,2018,8,1455048,794860,54.6,754746,51.9,40114,5.0,1804291.0,71858.7,1
5480,54,West Virginia,2018,9,1454777,794930,54.6,754971,51.9,39959,5.0,1804291.0,71858.7,1
5481,54,West Virginia,2018,10,1454429,795121,54.7,755019,51.9,40102,5.0,1804291.0,71858.7,1
5482,54,West Virginia,2018,11,1453917,795364,54.7,755031,51.9,40333,5.1,1804291.0,71858.7,1
5483,54,West Virginia,2018,12,1453323,795406,54.7,755041,52.0,40365,5.1,1804291.0,71858.7,1
5652,16,Idaho,2019,1,1354143,867880,64.1,842597,62.2,25283,2.9,1787065.0,74937.1,0
5653,16,Idaho,2019,2,1356695,869873,64.1,844753,62.3,25120,2.9,1787065.0,74937.1,0
5654,16,Idaho,2019,3,1359388,871655,64.1,846865,62.3,24790,2.8,1787065.0,74937.1,0
5655,16,Idaho,2019,4,1362162,873540,64.1,849086,62.3,24454,2.8,1787065.0,74937.1,0
5656,16,Idaho,2019,5,1364985,875679,64.2,851447,62.4,24232,2.8,1787065.0,74937.1,0
5657,16,Idaho,2019,6,1367964,878119,64.2,853906,62.4,24213,2.8,1787065.0,74937.1,0
5658,16,Idaho,2019,7,1370929,880762,64.2,856393,62.5,24369,2.8,1787065.0,74937.1,0
5659,16,Idaho,2019,8,1374226,883352,64.3,858885,62.5,24467,2.8,1787065.0,74937.1,0
5660,16,Idaho,2019,9,1377619,885757,64.3,861511,62.5,24246,2.7,1787065.0,74937.1,0
5661,16,Idaho,2019,10,1380905,887783,64.3,864059,62.6,23724,2.7,1787065.0,74937.1,0
5662,16,Idaho,2019,11,1384052,889088,64.2,866032,62.6,23056,2.6,1787065.0,74937.1,0
5663,16,Idaho,2019,12,1387150,889686,64.1,867044,62.5,22642,2.5,1787065.0,74937.1,0
5688,19,Iowa,2019,1,2466434,1720862,69.8,1674943,67.9,45919,2.7,3155070.0,173515.4,0
5689,19,Iowa,2019,2,2466914,1724077,69.9,1677806,68.0,46271,2.7,3155070.0,173515.4,0
5690,19,Iowa,2019,3,2467642,1726422,70.0,1679946,68.1,46476,2.7,3155070.0,173515.4,0
5691,19,Iowa,2019,4,2468454,1728498,70.0,1681846,68.1,46652,2.7,3155070.0,173515.4,0
5692,19,Iowa,2019,5,2469440,1730668,70.1,1683725,68.2,46943,2.7,3155070.0,173515.4,0
5693,19,Iowa,2019,6,2470620,1733102,70.1,1685595,68.2,47507,2.7,3155070.0,173515.4,0
5694,19,Iowa,2019,7,2471822,1735802,70.2,1687468,68.3,48334,2.8,3155070.0,173515.4,0
5695,19,Iowa,2019,8,2472948,1738561,70.3,1689416,68.3,49145,2.8,3155070.0,173515.4,0
5696,19,Iowa,2019,9,2474160,1741239,70.4,1691639,68.4,49600,2.8,3155070.0,173515.4,0
5697,19,Iowa,2019,10,2475313,1742983,70.4,1693374,68.4,49609,2.8,3155070.0,173515.4,0
5698,19,Iowa,2019,11,2476140,1742464,70.4,1693168,68.4,49296,2.8,3155070.0,173515.4,0
5699,19,Iowa,2019,12,2476859,1739293,70.2,1690212,68.2,49081,2.8,3155070.0,173515.4,0
5700,20,Kansas,2019,1,2225406,1488175,66.9,1439031,64.7,49144,3.3,2913314.0,160059.3,0
5701,20,Kansas,2019,2,2225385,1488377,66.9,1439945,64.7,48432,3.3,2913314.0,160059.3,0
5702,20,Kansas,2019,3,2225581,1488364,66.9,1440776,64.7,47588,3.2,2913314.0,160059.3,0
5703,20,Kansas,2019,4,2225860,1488596,66.9,1441764,64.8,46832,3.1,2913314.0,160059.3,0
5704,20,Kansas,2019,5,2226234,1489343,66.9,1443000,64.8,46343,3.1,2913314.0,160059.3,0
5705,20,Kansas,2019,6,2226826,1490822,66.9,1444540,64.9,46282,3.1,2913314.0,160059.3,0
5706,20,Kansas,2019,7,2227416,1493014,67.0,1446400,64.9,46614,3.1,2913314.0,160059.3,0
5707,20,Kansas,2019,8,2228430,1495521,67.1,1448506,65.0,47015,3.1,2913314.0,160059.3,0
5708,20,Kansas,2019,9,2229568,1498108,67.2,1450972,65.1,47136,3.1,2913314.0,160059.3,0
5709,20,Kansas,2019,10,2230598,1500323,67.3,1453350,65.2,46973,3.1,2913314.0,160059.3,0
5710,20,Kansas,2019,11,2231343,1501501,67.3,1454798,65.2,46703,3.1,2913314.0,160059.3,0
5711,20,Kansas,2019,12,2232017,1501433,67.3,1454675,65.2,46758,3.1,2913314.0,160059.3,0
5832,31,Nebraska,2019,1,1475406,1035771,70.2,1004580,68.1,31191,3.0,1934408.0,117395.2,1
5833,31,Nebraska,2019,2,1475799,1036833,70.3,1005468,68.1,31365,3.0,1934408.0,117395.2,1
5834,31,Nebraska,2019,3,1476308,1037455,70.3,1006093,68.1,31362,3.0,1934408.0,117395.2,1
5835,31,Nebraska,2019,4,1476899,1037923,70.3,1006710,68.2,31213,3.0,1934408.0,117395.2,1
5836,31,Nebraska,2019,5,1477544,1038432,70.3,1007448,68.2,30984,3.0,1934408.0,117395.2,1
5837,31,Nebraska,2019,6,1478351,1039213,70.3,1008354,68.2,30859,3.0,1934408.0,117395.2,1
5838,31,Nebraska,2019,7,1479137,1040368,70.3,1009438,68.2,30930,3.0,1934408.0,117395.2,1
5839,31,Nebraska,2019,8,1480038,1041747,70.4,1010685,68.3,31062,3.0,1934408.0,117395.2,1
5840,31,Nebraska,2019,9,1481039,1043236,70.4,1012221,68.3,31015,3.0,1934408.0,117395.2,1
5841,31,Nebraska,2019,10,1481955,1044517,70.5,1013744,68.4,30773,2.9,1934408.0,117395.2,1
5842,31,Nebraska,2019,11,1482720,1045143,70.5,1014641,68.4,30502,2.9,1934408.0,117395.2,1
5843,31,Nebraska,2019,12,1483375,1044977,70.4,1014498,68.4,30479,2.9,1934408.0,117395.2,1
6000,46,South Dakota,2019,1,671039,461221,68.7,447577,66.7,13644,3.0,884659.0,47559.7,1
6001,46,South Dakota,2019,2,671463,461585,68.7,447840,66.7,13745,3.0,884659.0,47559.7,1
6002,46,South Dakota,2019,3,671993,461816,68.7,448013,66.7,13803,3.0,884659.0,47559.7,1
6003,46,South Dakota,2019,4,672490,462044,68.7,448212,66.6,13832,3.0,884659.0,47559.7,1
6004,46,South Dakota,2019,5,673100,462336,68.7,448491,66.6,13845,3.0,884659.0,47559.7,1
6005,46,South Dakota,2019,6,673734,462765,68.7,448881,66.6,13884,3.0,884659.0,47559.7,1
6006,46,South Dakota,2019,7,674371,463365,68.7,449394,66.6,13971,3.0,884659.0,47559.7,1
6007,46,South Dakota,2019,8,674976,464032,68.7,449987,66.7,14045,3.0,884659.0,47559.7,1
6008,46,South Dakota,2019,9,675644,464650,68.8,450643,66.7,14007,3.0,884659.0,47559.7,1
6009,46,South Dakota,2019,10,676238,465041,68.8,451194,66.7,13847,3.0,884659.0,47559.7,1
6010,46,South Dakota,2019,11,676776,465041,68.7,451418,66.7,13623,2.9,884659.0,47559.7,1
6011,46,South Dakota,2019,12,677282,464658,68.6,451175,66.6,13483,2.9,884659.0,47559.7,1
6084,54,West Virginia,2019,1,1452650,795093,54.7,755008,52.0,40085,5.0,1792147.0,72340.4,1
6085,54,West Virginia,2019,2,1451808,794490,54.7,755012,52.0,39478,5.0,1792147.0,72340.4,1
6086,54,West Virginia,2019,3,1451099,794027,54.7,755239,52.0,38788,4.9,1792147.0,72340.4,1
6087,54,West Virginia,2019,4,1450483,794149,54.8,755922,52.1,38227,4.8,1792147.0,72340.4,1
6088,54,West Virginia,2019,5,1449970,794992,54.8,757033,52.2,37959,4.8,1792147.0,72340.4,1
6089,54,West Virginia,2019,6,1449532,796461,54.9,758311,52.3,38150,4.8,1792147.0,72340.4,1
6090,54,West Virginia,2019,7,1449143,798261,55.1,759503,52.4,38758,4.9,1792147.0,72340.4,1
6091,54,West Virginia,2019,8,1448901,800022,55.2,760575,52.5,39447,4.9,1792147.0,72340.4,1
6092,54,West Virginia,2019,9,1448734,801621,55.3,761840,52.6,39781,5.0,1792147.0,72340.4,1
6093,54,West Virginia,2019,10,1448521,802987,55.4,763271,52.7,39716,4.9,1792147.0,72340.4,1
6094,54,West Virginia,2019,11,1448128,803928,55.5,764457,52.8,39471,4.9,1792147.0,72340.4,1
6095,54,West Virginia,2019,12,1447684,804650,55.6,765045,52.8,39605,4.9,1792147.0,72340.4,1
